13,3261,5676,800,1899,705,3804,654,5333,3253
15,3356,904,4352,5614,4374,3476,3836,5614,4671
23,2020,5959,4384,2507,3890,934,5265,4888,3651
27,5172,4888,2978,5236,4490,1058,5163,2645,4933
29,5453,5107,3294,5107,5136,3399,83,83,3476
31,939,1303,3253,3550,5352,1164,2967,2967,5972
40,3842,4281,4510,1034,4585,338,2929,2428,5504
59,968,5371,4655,1224,5254,5624,1712,3737,3410
83,3602,5496,438,4718,1181,4870,136,2764,5000
107,3410,1758,3356,3550,3615,3476,1182,1482,1835
110,1352,624,4510,1879,1812,2011,110,1522,1988
112,629,1701,112,3505,2172,5553,1181,4526,4854
114,3582,4671,3032,3589,3261,1676,3425,509,1896
136,5008,1591,5163,1181,4650,5848,3940,4490,5142
150,4779,5049,1291,2271,1602,2020,3477,2873,4571
161,4190,5767,4746,3589,1896,2793,934,2408,4738
170,4472,1968,2012,3032,1151,174,475,3576,977
174,5333,1448,587,5522,3180,1303,3648,1845,4401
178,5771,777,5848,1899,3904,5657,3511,5684,442
181,438,718,1969,2807,2411,4521,4524,4887,442
183,4296,392,2753,5755,5747,3118,1196,4030,832
188,4750,1969,3571,1745,582,3513,2203,1835,258
220,3693,4892,3804,5848,5671,4363,4371,3410,624
224,3087,3180,5617,1812,1591,474,2645,4446,3491
225,2807,2975,1561,4609,4001,5747,3315,1242,1851
231,4977,1278,3476,4221,2781,1597,1128,4001,2929
235,3894,5077,1273,302,2793,5015,244,442,5848
237,929,1002,5333,5136,1988,975,2873,5386,752
242,1790,3971,5553,3677,3422,2901,5163,2810,2041
244,5172,2967,1835,5185,1273,1242,2172,2020,1094
258,4460,3589,5755,1899,927,1502,5759,2165,3836
259,2726,5251,3261,338,3931,752,2376,3890,4026
260,6036,3806,3038,5289,1851,712,5875,2919,5826
274,5767,329,2057,1303,302,5522,150,150,4556
289,2057,5797,5689,2012,2376,1845,3289,3380,4524
302,5015,4611,4510,4054,2883,4837,4933,4670,1988
328,2824,1287,1448,3769,2764,5613,2901,4655,3425
329,4315,1690,4447,1737,2084,1185,5614,5345,302
338,615,2567,1151,2041,4510,3576,3648,3693,4148
340,5085,4352,302,4491,4261,3118,2786,1497,329
346,4447,5747,346,1242,2011,3513,4384,5854,1676
349,4870,181,1628,2376,713,4718,5085,150,424
372,2559,2643,3085,2172,2380,5049,438,4662,2223
392,4446,2901,4384,432,3916,777,2011,412,6036
398,5225,4001,5278,2203,4328,274,4705,5832,3757
406,1628,2786,1183,3026,5848,1812,2126,5614,5225
412,3958,4585,13,5657,329,2249,3842,3842,2142
424,453,4746,5413,5797,6036,4779,1181,5135,1591
425,4687,5747,412,5015,2793,1650,5838,2164,5893
429,1974,1034,2507,959,1851,4447,5172,3180,328
431,1029,5005,3754,3505,5265,752,929,2501,3513
432,1273,3380,4655,2752,5196,2022,3410,934,4930
438,2411,2666,1883,2786,3471,4084,4315,5600,858
442,4750,2427,4535,757,1128,1899,3471,2290,1974
453,1259,3135,3308,757,2290,225,2251,2251,5747
463,777,3471,3066,5949,4233,2731,819,3567,2264
471,3531,2781,1655,2688,1988,15,1552,438,2691
474,715,1383,5096,3032,1696,1593,2810,6021,4414
475,1835,3261,3842,3425,1736,4972,2251,4243,3032
476,3576,3576,2507,3955,1004,4384,1624,5042,4470
509,509,4006,3842,5972,1899,1988,260,5236,5042
556,5771,1969,338,2376,5289,349,509,509,2472
577,2645,5647,1744,1058,5223,2793,577,349,3592
582,1164,4001,2967,3894,1602,3410,2636,412,5305
587,2063,424,329,4362,2901,5614,5015,5082,1758
593,2824,3380,4233,1242,5289,23,1182,1018,1001
610,3422,2376,2012,3511,40,3916,329,3384,188
615,4490,5753,5188,3339,3540,1125,3261,1352,896
621,5453,406,4510,3491,289,1448,2142,3609,2050
624,5614,3425,1794,2994,274,757,1029,4940,1902
626,6021,1969,4972,5143,1074,2164,5457,1758,5419
629,2223,5345,3410,1988,629,412,753,181,5282
638,2730,2410,1597,6036,412,5504,5625,1883,2058
641,2016,5775,5826,5413,2873,3592,638,2466,1790
649,2810,4798,5875,2567,2063,4447,3422,476,1712
652,2559,4281,718,1001,5684,150,2972,3001,2376
654,2271,235,2002,3735,1125,3855,1696,4521,5972
674,714,4849,5265,3791,1206,4779,674,1132,3171
676,1203,4705,1303,2609,5172,4446,1242,1242,242
685,476,1794,2165,2830,4180,3415,5762,800,2507
705,242,2670,1001,2059,929,4233,5813,2043,624
706,4103,2676,136,2898,1969,1969,5631,1845,5345
712,1736,136,1312,5580,4977,4585,1312,2472,112
713,4447,4378,5689,5333,412,3069,1181,2002,1969
714,676,1696,4026,1685,2848,1561,2063,4374,3576
715,2989,1988,1846,5889,5267,1988,2941,3651,5172
718,4561,3791,225,235,753,3491,1207,5096,5522
724,4296,2701,4791,5893,1391,136,5755,5339,724
729,2271,5142,4071,3032,2016,3308,1303,6036,424
743,1248,1701,338,3422,2172,4103,2031,224,2428
748,1207,1676,1552,1950,15,2507,4779,712,2506
752,1511,5077,2848,1001,3850,2567,2501,3558,5676
753,476,338,1794,3482,3923,3410,1902,2173,5015
757,4006,5014,2595,3471,5689,5894,1448,2507,424
759,392,4446,3609,5614,2012,743,5522,2254,3026
776,4460,1502,5553,2666,2041,2041,235,743,3038
777,890,4771,752,975,2041,5201,3769,3491,858
783,1301,3674,1502,438,1132,5096,3001,2765,3001
800,2264,509,5107,3689,4371,5378,3953,4671,2507
801,5236,5333,424,1078,3635,2858,1676,242,2012
819,1448,2411,424,2541,5553,1650,1408,4362,5894
832,2939,3705,1466,2222,3558,2011,3069,752,4552
851,1181,302,3693,3031,5339,471,2506,150,3491
858,2848,858,1181,743,1244,1244,2164,31,2873
862,2967,424,2427,4418,862,3550,1242,5614,929
882,3056,1712,509,3411,1058,582,718,2063,2994
887,1851,2063,3749,1899,4933,4995,242,5516,1883
888,3513,5758,2507,4362,3118,1701,3087,4510,3751
890,1207,5677,5747,5677,3087,4472,3491,1125,890
893,934,5345,4491,2164,4414,5522,1391,2222,5432
894,743,2058,2376,2810,3558,3477,3294,1696,5689
895,4296,4837,2790,5333,5153,1552,2299,4447,1181
896,5371,2757,3706,372,2810,3550,1242,1203,3850
904,3769,346,712,4524,2643,23,4972,3001,752
910,3878,2351,1511,1130,1899,5366,2567,23,5826
914,4774,1203,610,3749,1301,1601,2753,2580,914
927,801,4225,392,259,4611,4315,3471,3032,5044
929,1366,4296,4507,2172,893,1790,3842,3842,4526
934,1018,1974,2972,3001,3940,274,2810,3415,5516
939,3842,453,2240,5071,4836,431,3032,3356,3038
959,2507,3705,3230,4585,5689,4401,2957,4512,453
968,3592,6036,2243,4507,3648,3032,4384,4705,1207
974,2781,2781,4470,1125,2786,5077,178,4447,1707
975,3279,349,1034,587,13,858,1902,1812,2498
977,1303,2409,752,2901,4447,1151,624,1390,1974
991,5676,2059,5972,442,1466,3648,759,2380,2731
1001,3693,4161,509,4384,5893,2411,1740,3192,2967
1002,3540,3085,1685,1130,1897,2323,2883,1185,4512
1004,2165,5684,4837,3705,6036,5366,4556,629,4470
1018,4472,2764,4671,509,2753,2753,5413,5096,31
1029,1794,338,2752,3916,1029,2967,1029,1029,1130
1034,1866,1758,4995,4977,1125,4054,4054,3319,3754
1038,4036,2251,3476,1835,2119,3540,5039,4161,3180
1058,5522,2873,3356,3031,5172,4261,893,2320,1624
1074,712,4403,5600,1181,3471,5766,1974,1196,3422
1078,3491,4306,1845,2173,3550,5614,1203,5225,3791
1094,4118,4103,1950,406,752,5759,5014,3754,5972
1109,5624,4327,4591,509,4585,161,713,5333,2564
1125,6036,4585,5769,4687,904,1540,242,188,4837
1128,4079,2376,3476,4687,2972,2254,3476,2063,3192
1130,5333,752,3471,3121,274,1624,1181,1433,615
1132,2353,1696,5755,4115,349,1968,3261,1125,1851
1151,4774,3192,2501,3705,4670,556,2559,1676,2656
1158,5305,1812,1327,224,882,4024,1168,3453,4485
1160,1701,1866,1151,5014,5142,1988,5776,5371,752
1164,5015,4447,3589,4977,1125,509,4418,5077,5848
1168,2645,1128,934,5282,1287,4418,5142,1390,4428
1175,1794,3041,724,2472,2050,6036,5689,2012,2506
1181,2022,2892,4261,1790,887,2242,3032,424,2411
1182,4870,2353,2222,3031,1710,4020,1988,1752,714
1183,2764,2567,5289,1883,2830,1540,1244,1552,2643
1185,2251,5267,3230,556,3769,5136,1383,3308,3850
1196,3038,4243,1034,5077,2223,2793,2929,1168,5153
1203,424,752,5972,2752,5432,4995,1399,1399,3261
1206,3904,1244,1950,5677,1244,2380,904,1974,3482
1207,4585,3410,1685,4472,2941,3550,1712,2041,1433
1223,5457,1552,629,1676,161,2807,5071,3003,2203
1224,3652,2427,3200,1001,4609,170,3878,2059,1812
1242,4352,1676,5163,4670,3971,4524,3836,2540,412
1244,1676,5614,1481,4892,5339,3192,1029,5922,372
1248,3558,3648,1655,1130,3693,5000,2764,2376,714
1259,4342,2919,4261,5020,858,6021,1408,3308,1168
1273,5755,2172,3513,2428,5689,2580,225,4521,2764
1276,3940,4718,4870,4573,2701,2837,2752,6021,3261
1278,1018,4617,237,3380,2165,107,1058,6036,641
1287,2507,1125,59,2848,1303,5164,2271,2294,777
1291,1707,5172,1835,2041,2376,1164,5039,1224,181
1301,5553,1882,2376,4510,2643,753,2472,2242,5265
1303,2824,5037,753,4750,3609,5345,1004,3836,3692
1312,2781,181,2989,4585,3576,577,3399,3425,3652
1320,4446,5333,1794,1597,289,2901,4655,4571,3651
1327,4577,2063,3289,2254,260,329,1707,4026,5107
1328,5457,4362,4243,1408,4261,1835,2592,5345,27
1335,3026,800,1835,4306,474,2929,4995,1624,5345
1339,2063,3693,927,914,2643,2643,4320,5684,2409
1341,3031,1203,5854,3692,3806,3476,5077,5922,2223
1352,3540,5163,3048,757,1593,3192,5747,3056,621
1366,471,372,3056,2254,5522,1791,5504,3031,3399
1376,4384,136,2957,2031,5005,4414,289,3693,4989
1383,4447,2376,2807,1974,5201,5600,4026,2873,3850
1390,1845,329,3560,3031,1628,2567,1423,1845,2376
1391,3850,706,4327,587,2203,5747,1897,1685,706
1399,4609,2203,5233,2020,4328,2476,4243,5894,1835
1404,4887,3411,2176,2790,587,3501,302,1701,4854
1408,1835,4472,757,3200,2308,2559,975,4832,1883
1421,1591,2223,1207,3180,3693,5854,453,3630,2012
1423,777,1540,4854,2919,2967,1242,6021,4384,4490
1433,1109,1794,3261,2636,3032,3032,1383,2084,4591
1441,438,5077,1001,2427,2058,1628,1004,1074,1870
1448,4315,2063,4472,1244,4428,181,832,4535,5677
1466,4384,752,3850,652,2161,2058,3648,890,757
1468,5386,3121,3558,3558,509,5647,2057,2063,4006
1481,2941,5333,3032,2994,1969,3410,181,438,1303
1482,2865,1650,4611,1866,5044,2223,3940,2173,1850
1497,4671,3315,4446,4079,1737,2541,851,2376,5504
1500,4030,259,2063,5759,5775,2901,2011,5044,2939
1502,2290,3077,2501,2617,1710,4446,425,890,1181
1511,5982,587,3085,3085,4888,1882,1224,2370,2752
1513,2251,3693,2753,3589,2753,1273,5039,1181,2486
1517,2824,1974,5378,4771,3592,2409,5848,3380,629
1521,2752,4001,372,3677,1151,4771,5755,1758,1002
1522,4006,5225,2041,302,3705,4079,5023,3048,4892
1540,3410,1968,3032,338,2020,392,3315,5339,4687
1552,2939,3410,2967,5413,2063,1244,4030,3850,1058
1561,1094,1794,59,2781,4289,4071,2390,3380,4352
1591,3905,743,2842,1969,2164,2164,5826,1552,3589
1593,1969,4104,2203,2012,1448,5755,4661,1128,2688
1597,5747,5775,2967,392,4342,2567,4378,3415,1244
1601,1712,2592,4847,4225,3931,4746,1074,2790,2883
1602,2883,2323,3384,4352,801,2507,3836,5875,1448
1624,2837,5845,1794,329,3471,5366,4521,5848,5614
1628,2645,2011,1701,4428,1408,442,1676,3689,904
1634,3026,624,5333,752,442,3735,2718,4670,2764
1650,5163,425,2567,1752,3842,412,1684,975,3471
1655,4161,5453,4001,5838,1812,2063,5305,5684,1196
1665,2807,3410,1752,406,1593,4887,2939,3878,5136
1676,3749,1685,4510,2476,4328,29,1655,340,3878
1684,577,2236,1758,5107,1160,4054,4384,2882,3410
1685,2271,392,1871,3513,2002,2333,5020,4771,3180
1690,2731,757,3001,1423,3315,5614,652,5854,3425
1696,3558,1203,4328,3757,425,3751,5164,1327,5677
1701,2472,5689,3940,1383,2643,4591,2294,188,4521
1707,5251,3940,4054,1812,1390,3001,329,4490,6036
1710,1383,3589,15,1752,3909,3816,1130,4521,2967
1712,3916,2390,4371,4738,1301,2972,1712,1835,5657
1736,4024,1902,4446,1938,5547,2271,1278,1835,4054
1737,1500,1690,242,4418,4510,582,349,1132,260
1739,4418,5082,2165,4771,2223,1074,2084,3940,1181
1740,2307,5143,259,1650,2967,2691,5273,4888,3635
1744,5096,3940,1988,4071,2409,1034,1879,4662,2753
1745,5282,429,3362,463,2206,1968,6021,5797,5624
1752,5755,1448,5049,3135,5345,3601,2779,5826,1794
1758,1421,1511,1561,5689,258,4472,3031,5039,2507
1790,1164,1004,5922,3118,4855,3560,4261,2016,3118
1791,1001,5000,1164,1883,2240,5107,624,626,5747
1794,4512,1752,1712,2873,5142,1877,5345,3540,2142
1802,5551,4510,4103,4650,4510,5289,2223,934,3476
1812,5453,509,1328,5689,2659,5516,3931,2411,2757
1822,929,5759,5848,5082,1655,475,5345,2427,1244
1831,3550,1074,1710,5854,2380,676,4815,4556,5845
1835,5504,3411,3410,1736,136,3971,2158,610,5143
1845,2507,1481,3705,4662,4233,5624,2670,654,1871
1846,2271,4779,3261,3953,114,1196,1846,3850,4750
1850,1004,3389,1974,2967,1899,5015,2427,3589,724
1851,2119,5762,3677,3410,3470,2063,1593,4791,929
1866,3032,3806,4524,392,3056,4452,260,1696,4447
1870,2012,5522,1168,1866,1038,3664,4447,476,4001
1871,5015,2063,975,1181,2020,302,4661,3836,29
1877,1301,3118,862,5172,4161,1029,1224,1181,1851
1879,4521,1203,3878,2020,2793,4771,4989,5747,3121
1882,3121,2063,1650,1968,4972,1624,1969,1968,4662
1883,259,1399,2609,3476,40,4447,4472,2353,1561
1896,161,593,1896,6036,2472,3576,4655,1128,225
1897,2753,4995,1812,3955,2848,4750,1896,1074,1390
1899,1242,5747,5875,438,2779,2507,4225,1029,1164
1902,3651,1399,5345,432,1737,3842,1242,1676,2929
1938,4374,3230,2223,2824,1938,2873,1125,289,1433
1940,2012,2472,5657,349,1513,5771,2161,2161,424
1945,1802,5826,4006,4855,3652,2865,1303,3056,1790
1950,5107,3026,3230,4591,2020,2376,3356,2781,4535
1959,2022,2894,1802,1676,2376,2223,5689,3200,5689
1965,3540,1969,2203,3105,4161,5172,729,1882,3816
1968,4452,4611,2567,4180,2223,3664,5838,1291,6036
1969,3916,260,3592,2063,2501,1301,4815,3066,4510
1974,2659,5689,3927,5164,1561,1628,3031,4995,5071
1988,398,1320,5085,3453,1968,4494,2380,2428,4079
2002,406,2280,3609,136,3705,2592,5014,1974,1968
2011,610,2967,1164,1561,13,5378,1448,2507,5766
2012,4281,5753,3955,2222,2012,2790,438,2427,1969
2016,3850,2020,890,1182,1181,2592,1034,1242,5676
2020,5457,225,424,3582,5172,2063,2757,4585,429
2022,3971,3180,4995,1752,1701,621,4617,4521,4261
2027,5949,3905,1242,624,3180,1752,5037,2409,5136
2031,2643,1408,4494,4888,4352,2666,862,1404,3175
2041,1676,1181,2380,424,1790,2380,1593,1696,2059
2043,1831,4472,5096,5671,2883,476,5767,4001,4750
2046,862,2753,4029,4447,4655,5457,1752,2943,5015
2050,4328,4414,4995,235,1831,3425,1130,5008,1974
2057,274,4371,3816,4510,4687,2476,1004,1125,4746
2058,2781,1448,4972,2691,5949,5082,1001,2882,5378
2059,3905,2161,1181,1328,3180,5077,5771,5305,5949
2063,1320,5453,1899,1383,372,5035,1408,2765,1164
2068,3471,5949,5035,2837,895,1203,3905,1597,2752
2084,1207,1988,1712,2862,398,5163,3531,3501,474
2097,3031,4001,3850,3927,2012,1974,5153,1181,474
2119,2676,1897,2929,4447,1181,4779,3411,2421,3118
2126,752,5005,4972,2164,1752,1421,2943,5614,4933
2142,3415,1004,3651,3558,2541,4627,1181,1181,3693
2158,442,4054,5107,3804,1591,4556,5077,2280,4447
2161,3425,3118,5333,5008,5008,4054,2943,1182,3408
2164,5142,1737,3180,1744,2592,1383,5289,112,3630
2165,777,1851,1128,2781,59,136,3754,5516,5758
2172,2020,5251,2164,476,3705,1897,2063,1902,442
2173,5684,4161,5580,1974,1164,3041,4225,1203,3087
2176,5082,3940,1969,2793,2967,4771,1624,1421,2466
2203,3389,1968,3491,2781,2483,4705,3031,927,5617
2206,4771,453,5371,2830,2486,438,3592,1130,2676
2222,759,3816,3664,178,2222,1109,3836,509,2264
2223,429,3471,1404,1244,2173,5545,3513,862,5845
2236,2063,3589,752,3791,1168,4750,776,1259,4671
2240,329,1968,5020,5185,3855,3192,4374,1676,4281
2242,2793,621,2164,1181,652,2380,2592,4490,4024
2243,5424,3531,5236,3931,1181,4403,4521,3931,4026
2249,2119,3705,1676,4079,2764,777,3958,1870,1561
2251,3923,4006,2927,3850,649,1959,4485,3592,1899
2254,1899,858,5107,5000,4510,3836,4750,4750,777
2256,5142,5254,4670,1845,3974,5042,2353,4837,3380
2264,5366,289,1883,1448,629,4507,3261,1168,5684
2271,2994,1004,5082,1303,2978,1899,3689,2730,713
2280,5600,1125,476,2380,3585,2376,1181,914,3769
2290,5776,1902,714,1969,3471,5123,4611,1812,220
2294,392,1448,5107,5755,3380,2793,1959,476,3585
2299,1882,2020,624,2656,2595,2271,4470,1790,40
2307,3842,2609,685,1303,4446,4071,2643,4103,509
2308,1339,718,1685,753,3693,5457,5225,5136,5236
2320,1712,3356,714,5689,1207,2892,3769,5647,1676
2323,1335,3923,2486,3916,5767,2223,2617,3001,3411
2333,476,4591,1877,1628,2731,3380,31,624,3940
2351,242,3592,2173,442,1988,556,2264,777,2043
2353,4384,2645,1181,4452,1866,4849,2165,5753,2837
2370,5096,4342,5677,1109,3056,3411,752,3175,2507
2376,15,4977,587,225,2691,1835,244,302,1802
2380,5032,5614,4491,5522,1341,2609,442,136,3339
2382,1151,5917,3589,1303,3540,5042,4526,5015,5854
2390,1974,713,2290,1602,5580,5362,5453,5015,1794
2404,1701,2063,2323,5854,1882,5624,1628,3940,5289
2408,752,5333,2380,638,4490,3026,1383,2718,392
2409,5553,2645,3909,2427,1879,329,5614,3261,225
2410,939,801,4526,3415,1791,1502,5614,1740,5188
2411,4624,2390,5172,2567,4888,2873,2567,5845,5759
2421,1790,3476,3408,1974,4535,587,5265,5875,3651
2427,3056,4362,1497,1511,2236,1744,1812,777,975
2428,1125,1988,4401,4401,4512,3782,1273,1303,3001
2466,5580,4342,929,3180,2901,5762,3431,4556,1835
2472,676,4815,2176,3362,3511,3769,424,5614,2050
2476,2837,4855,3648,2967,1676,3751,2506,3319,2863
2483,3804,3749,3118,2567,2807,1404,783,258,1812
2486,5677,3410,1737,3806,3261,2617,3811,3380,2323
2498,1128,1404,1181,412,1303,5747,258,2254,1109
2501,1959,1696,3476,1128,1423,5273,2043,1897,1383
2506,1448,5339,2929,1968,3589,114,3208,5042,1969
2507,302,5419,1303,3916,4014,2012,2507,705,1303
2526,5580,1038,2223,712,392,3180,3226,5035,1521
2540,5755,1181,3200,3031,4472,181,4655,4115,3032
2541,2251,4571,3769,2264,1203,4771,1074,4771,2223
2559,258,1552,757,5838,1094,714,349,1974,3056
2561,2050,1745,4815,3874,2409,1812,5289,2967,4791
2564,5677,5413,5077,2786,2540,5453,1203,3032,372
2567,1207,329,1125,2757,624,1540,1794,1988,1736
2580,2941,4079,5015,4446,4526,3842,2323,2731,685
2592,1513,3038,2883,424,3916,1125,757,5762,934
2595,5282,3471,759,1690,3411,3389,1790,939,3453
2609,5614,4510,1034,3878,235,2941,432,2506,1376
2617,1758,4995,2173,5042,2173,5889,4491,1448,2617
2636,4561,2242,2382,2206,4030,412,5854,4384,6036
2643,2643,2165,1074,2254,4024,4020,2498,3585,5489
2645,4887,181,329,235,15,777,3121,1737,1701
2656,4510,939,1701,2173,4791,5614,2041,2380,5547
2659,638,1058,2046,1203,2526,4510,2765,3850,4103
2666,4342,1366,887,3513,3689,3162,5759,1846,3389
2670,3032,3121,610,4972,1244,2376,1696,3118,476
2676,1552,3648,5771,2994,2929,1897,1650,1879,5848
2688,934,2020,3971,1404,1701,2989,752,1835,1676
2691,3389,3693,1185,3491,3031,3850,2691,5614,3576
2701,5684,1597,2020,2967,5008,2929,2380,1339,5371
2718,2290,3705,2264,2264,2242,4472,1181,1676,1882
2726,4118,1339,5826,2041,4510,3651,1897,5077,1383
2730,4815,5107,5289,2643,1203,5522,2251,2786,1899
2731,1897,1974,929,5826,5747,329,1181,2002,1301
2752,2404,5071,302,2243,1988,5123,1552,3592,2567
2753,1223,4507,3192,2353,5838,1206,3476,5755,2243
2757,328,372,1707,3505,1597,1029,975,4115,587
2764,2731,2126,3878,3389,1383,5522,1203,424,5427
2765,4118,3630,2506,4705,5889,2057,801,2609,4446
2779,2376,757,5922,3615,5972,1182,6036,2063,2068
2781,4161,289,3916,1259,3180,3693,4972,4972,5378
2786,2994,5670,329,2718,890,3410,3208,3470,3001
2790,4006,5107,2097,649,1896,5625,2731,2676,5972
2793,5547,4972,5457,3878,3769,800,136,1224,1974
2807,1312,4670,4225,3601,5762,1004,3476,5039,4315
2810,890,1181,349,714,5386,714,862,1196,4384
2824,2084,3359,1125,3705,2883,1988,3315,3674,329
2830,5339,1303,2164,2670,5015,3511,1128,3135,3904
2837,5386,3953,3118,2012,5747,1151,2972,2595,4071
2842,5776,1790,832,3451,2670,224,2323,1866,3185
2848,5848,5185,2848,2483,4225,3769,225,3550,1851
2858,1481,4418,3422,1242,1790,777,1790,3816,3751
2862,4930,2526,5014,2271,2659,5163,242,4362,15
2863,801,5516,712,4650,2380,1897,2753,329,1164
2865,5949,582,1383,1125,3471,2264,289,2561,2559
2873,4352,3476,302,1004,5580,4627,4855,1390,2041
2874,3230,4190,302,2251,1291,3171,4084,3705,235
2882,302,4535,5035,3308,4491,328,2561,1968,2408
2883,3422,4832,1737,1502,1685,2264,3399,5153,5972
2892,3754,577,4447,5504,346,4001,2609,2753,3261
2894,1601,5000,1328,1320,5039,1835,1224,4440,3558
2898,624,2050,3118,4995,274,59,453,453,4771
2901,2643,4384,4447,1591,1959,3916,4054,3576,4104
2919,1328,3674,2567,5136,4849,83,4609,4289,3294
2927,3411,3567,2892,2012,6021,3410,1685,5958,2203
2929,2063,2645,4401,3476,4510,1468,2943,4687,2063
2939,4401,1974,2173,4079,302,5081,3920,4261,2507
2941,3269,4552,1899,4791,1899,3916,1879,1244,1737
2943,1737,4342,3842,509,3279,652,3185,1497,1752
2957,3811,4401,244,1303,3754,4161,5015,1390,1130
2967,4485,3816,5489,1602,1303,587,5600,3916,1517
2972,1423,3782,2165,3651,3806,1399,2254,2567,2063
2975,577,5107,3651,3651,3693,289,2752,4054,4225
2978,3411,3550,27,1181,150,5457,1303,2863,2164
2989,2390,5136,5759,5044,1390,2012,1737,4771,392
2994,3705,800,329,4118,2943,2730,4507,5776,5767
3001,4024,3842,2790,1552,4210,1183,2203,4972,225
3003,476,3389,5580,3289,2765,1273,4750,2540,3175
3026,3601,1128,1303,5371,4650,224,4510,2779,3635
3031,2323,624,3850,5972,429,3652,5366,5759,4526
3032,3971,4972,2765,425,2011,3208,1448,2541,1383
3038,3712,4352,1737,713,2898,3925,4352,753,2810
3041,2882,3953,1690,1125,3471,1448,15,718,3069
3048,2786,2164,5614,2810,1685,3664,4342,5689,59
3056,1448,2002,3615,136,2264,4118,3540,1448,3422
3066,5371,2063,3693,3471,1303,1745,3652,2824,4460
3069,2994,4585,3032,3674,638,587,2380,2164,3041
3077,4591,1737,4507,4054,1522,475,5143,1655,1207
3085,471,5273,1058,1758,5677,757,3162,977,4054
3087,2063,1851,2097,705,1696,4585,5625,2411,3931
3105,718,2765,1132,1899,3712,3651,5875,1433,4972
3118,2862,2158,5457,5893,438,5943,3754,1561,3674
3121,5251,2476,1224,1448,1276,2203,2251,4342,1969
3135,2084,2617,4779,1959,3380,5580,3135,5339,2730
3162,4006,5153,5035,1737,3836,5039,3471,676,302
3171,2251,6021,1181,3408,1181,1988,2507,3971,424
3175,3540,4006,4233,1058,4225,181,3560,832,5922
3180,424,3491,5000,3431,349,2730,3769,3032,3842
3185,161,2041,1696,509,349,5345,438,752,3339
3192,242,237,4447,3105,3531,3836,1969,3589,2824
3200,1899,5339,5893,5042,1002,624,302,4447,1851
3206,3315,5386,2731,338,4507,174,5136,274,5386
3208,329,5755,3032,1628,1938,1029,1339,1130,2793
3226,1974,1182,1835,1822,3615,5164,3705,4472,1712
3230,4384,2643,2022,3576,1399,3878,3931,4414,5854
3248,4494,5233,4847,777,3118,3471,442,929,340
3253,2540,2617,1181,1244,5142,329,2011,3635,5077
3261,1244,4233,4261,2567,5273,832,4328,1685,5759
3269,3180,5153,1500,2837,4507,4026,1744,1034,2691
3279,2063,1835,40,5848,724,1701,4472,5684,150
3289,4079,2173,5504,3087,3471,2404,59,1181,5236
3294,4507,237,1303,801,2063,4791,3842,1696,181
3308,1552,3415,624,3589,3032,714,676,3749,800
3315,5042,1164,1835,4446,3889,2764,2059,1335,1835
3319,2779,3589,1988,1701,424,4888,3482,1794,3445
3329,4571,1968,3878,2688,4328,392,4771,1181,4832
3339,1151,4026,1879,1335,2242,2256,3208,5767,3118
3356,3513,2718,2404,453,1597,3550,2943,5838,587
3359,1676,1676,4887,4750,1988,832,2994,1790,5413
3362,4026,1712,1851,1517,15,429,4384,2645,743
3380,2676,3971,1938,1791,4837,652,4870,3878,2753
3384,676,2041,2507,424,3032,4510,2176,3842,4020
3389,372,5758,621,475,4774,2790,2126,2126,2901
3399,1497,4026,1624,1383,1034,3576,2753,3757,3955
3408,5972,752,714,624,4892,3389,5236,4079,1882
3410,4026,5647,2409,5747,2883,714,349,1203,1094
3411,1712,3031,1701,1650,4026,3425,4571,2242,1181
3415,3757,5042,329,5042,2765,1038,2564,136,329
3422,2011,1164,4870,392,2730,2063,3850,1391,1383
3424,2333,3411,1883,895,1151,1899,3491,3806,2793
3425,5522,6036,2765,2507,5922,1242,2022,5797,1164
3431,629,338,3048,259,1029,4001,2592,225,5677
3445,4611,649,2764,2994,3226,4738,975,2307,1168
3451,1181,5352,5516,1244,4573,3356,4995,4995,929
3453,2659,1383,4836,1301,2203,4447,3550,3038,5107
3470,5107,5015,5143,3118,259,1988,1676,2506,3751
3471,5085,3878,225,1739,424,1845,3916,3737,442
3476,4306,2764,3878,2376,1383,2507,1676,1676,59
3477,1899,1242,5049,5023,1794,3121,1029,2043,556
3482,431,5762,5254,3712,2609,3453,1128,1690,1181
3491,4832,3208,2041,4933,3816,5236,3909,1383,3842
3501,3226,2119,5677,5333,1181,3878,1224,1001,2752
3505,3425,3192,5769,5096,4401,3279,3836,2810,2002
3511,1696,4414,753,475,5163,5600,1736,3180,2165
3513,340,3842,2691,3705,4352,3410,4561,975,3208
3524,4585,3069,1203,4585,2050,3585,3931,6036,1376
3531,3894,5614,3836,1376,3735,5677,392,2862,2057
3540,5142,3185,2016,2994,3329,3171,5647,4024,3615
3543,5008,424,5766,5039,3754,4779,1835,5504,2243
3550,4933,5378,975,5657,2994,5037,3026,556,1737
3558,5096,2002,5547,757,1029,5153,1845,832,1812
3560,3001,225,1207,1303,1752,4837,3491,1897,1701
3567,4887,4591,3253,3415,4362,4362,3754,5553,3953
3571,1988,5625,4472,4510,4446,1597,349,3576,274
3576,1335,1404,752,2376,3576,3589,5042,474,4084
3582,4328,4510,5684,372,629,934,777,1244,1624
3585,2063,4384,1224,3524,4813,4813,2764,801,2351
3589,2526,3230,654,3471,1597,5625,3751,3940,3769
3592,5958,3471,3032,4447,3087,1655,5759,4771,4363
3601,5185,4103,3842,4585,349,3491,1203,1593,5547
3602,5647,2810,429,5832,1712,4940,3757,2842,3757
3609,5123,2858,475,3380,3971,4491,5289,3208,5767
3615,934,4750,1591,346,4363,225,4115,3850,2793
3622,2941,2978,392,2752,1655,15,4888,5545,5815
3630,3652,1128,652,1468,1835,4718,5614,1899,31
3635,5172,832,4510,676,3135,1224,6036,3226,3576
3648,1851,4447,2020,783,1655,5689,4940,4940,1685
3651,5972,3308,1244,4447,5826,3471,4327,1812,2793
3652,4261,800,5614,3038,5339,3031,3923,1303,2059
3664,1696,5153,5652,1125,5762,5614,5670,406,3425
3674,1899,2526,2994,5386,3118,442,5689,939,1676
3677,3425,1628,4849,3693,3677,1851,1207,3602,424
3689,474,5762,5153,3874,3689,1665,676,5759,4791
3692,3511,2059,6036,3558,2063,398,1969,5767,2793
3693,1390,5273,2223,5251,3471,3958,2957,3705,1988
3705,3032,2249,3940,3192,5305,1421,2041,2203,3230
3706,2382,2830,235,3380,2506,5607,4940,624,225
3712,3735,974,4552,1181,3878,3769,777,1897,5142
3735,2012,1125,3026,2617,1376,1968,1737,893,4611
3737,5775,6036,3571,3359,1988,59,1183,5943,1968
3749,432,5676,4887,5771,4036,3630,3592,161,3850
3751,5267,3894,2752,1327,3248,3248,2764,4079,1752
3754,2967,1969,1181,3652,1676,5657,1812,302,3576
3757,5759,1938,2659,3359,3550,4977,2793,3501,1593
3769,3630,2757,2172,1383,2941,1870,2428,934,5600
3782,23,225,712,3811,2731,3308,3453,3589,3422
3791,5142,5607,706,4705,706,3410,6036,2718,5352
3804,2526,3511,4591,4510,5759,3589,4054,235,112
3806,1341,2559,1125,1701,676,3971,1207,438,338
3811,1899,1899,2752,4837,5771,1130,1335,676,752
3816,242,3425,5427,4815,4447,1899,5496,1690,114
3836,3693,5917,3001,2012,1224,5547,3540,2271,4791
3842,4014,5109,4491,474,3087,5163,2541,3308,4718
3850,1502,1552,3185,2670,5172,412,3878,685,4115
3855,1969,5600,5580,5289,2941,3648,1132,475,615
3874,6036,5838,3648,3471,4892,3751,621,1737,23
3878,3001,2408,4472,1130,1802,2764,4148,3389,3410
3889,425,31,3399,629,3889,5545,5077,1696,1181
3890,2016,3491,5893,3380,1203,2929,1790,3558,1242
3894,1791,4460,1303,5039,4507,3811,3705,5000,2016
3904,3389,4892,3230,3261,2507,424,474,2645,2176
3905,2251,2753,4079,3751,338,929,1224,706,5917
3909,1790,2421,2939,3121,5278,5142,2427,1974,4026
3916,4470,3031,1132,1399,753,1207,1988,3648,4374
3920,1366,3842,5225,1335,5345,3550,4315,5424,2691
3923,4888,2901,3693,3751,4418,624,3576,2172,1752
3925,2271,3453,3192,968,4552,4617,587,1593,3524
3926,3585,1676,2688,4362,3230,5551,3958,2063,302
3927,1870,5123,509,2807,2645,1601,1125,1224,5657
3931,3971,1758,4414,3842,15,1601,1244,2793,4977
3940,412,2807,3206,587,3308,3380,5185,5185,1790
3953,706,2307,4774,5759,1273,4342,4281,5223,4103
3955,3648,1737,5652,3878,5185,5759,934,4552,1448
3958,4261,2901,556,4591,1181,235,3927,5333,5305
3968,4446,3031,3200,4521,3550,1207,289,1125,5223
3971,5677,2752,5522,4585,3971,509,1164,2063,3491
3974,4738,3601,3540,471,5305,3693,5282,3491,729
3984,5071,5614,1938,1938,6036,6036,3925,2975,4746
4001,424,5000,2206,1712,4281,3842,2506,3705,1125
4006,2609,3540,1879,5037,1466,2967,4535,302,3261
4014,509,5747,2063,1737,2063,4718,3471,1737,1128
4020,5647,4815,5225,5278,3192,5282,1497,715,1812
4024,3491,4460,832,5254,4243,676,1851,2063,2807
4026,4414,3389,3431,3121,5522,1812,718,3931,5607
4029,1701,3261,4084,1850,5282,2249,5289,882,5893
4030,4342,3031,3630,4190,474,910,1968,1794,2929
4036,329,6036,425,2012,1383,4024,3032,509,4036
4054,4510,3940,4054,654,3319,3635,5755,5755,3576
4071,2892,3648,1883,2561,328,4210,3032,3836,1601
4079,2016,3261,1383,4401,4079,438,4611,1701,4447
4084,3524,372,2173,1242,2883,777,3501,3261,2022
4101,453,392,1655,3208,4261,5545,800,509,3878
4103,2507,1181,4995,338,4418,1883,1181,1181,1597
4104,1058,3842,1301,40,1866,5339,3842,2002,3804
4115,2203,1448,5747,5005,2894,1707,3836,3816,1897
4118,4815,2779,4460,2793,3842,5684,2941,3476,1850
4148,2411,2753,5039,2643,2063,1897,5972,3471,1287
4161,4472,5185,1399,2041,3630,752,3806,2929,757
4180,4447,4115,1181,752,5042,1303,4161,1812,3056
4190,4472,412,5185,4577,5044,3415,3836,3705,5014
4210,5617,1058,3953,4115,2837,2994,3757,3674,4836
4221,1181,4001,5657,3735,1513,2172,1665,638,3894
4225,1242,1242,1181,1448,5759,5972,2142,2506,3425
4233,3001,3648,1899,5267,2507,3491,4233,2753,302
4239,2376,5614,1181,2967,3615,1181,1968,2142,5201
4243,5747,3001,4972,929,2016,2764,1712,4535,1624
4261,4472,757,5624,2873,1181,5848,3048,3953,4024
4281,743,5684,2409,4661,4054,4180,2752,4384,5236
4289,3940,2645,1676,1399,4447,4239,1591,1552,5972
4296,4470,1301,3648,1339,5826,1244,4837,752,2507
4306,5163,2609,1242,5077,3087,4870,3476,442,4933
4313,1004,2271,3968,5813,5153,5424,1244,2251,1291
4315,4446,4470,4447,5647,1390,2097,5982,934,2873
4320,4490,4026,3705,2240,2731,31,259,2410,4655
4327,3294,1597,4362,5826,5982,2176,2050,2323,4327
4328,3878,2172,3689,2472,4655,1168,2967,235,2609
4342,1969,1448,1287,372,5049,4328,2790,1448,759
4352,2164,3315,1466,4510,4750,2223,5758,4001,4972
4362,1650,4414,3630,1408,882,453,3648,1969,5771
4363,4510,1448,4261,231,2567,2786,5958,4510,777
4371,777,4609,2645,4887,3585,3927,4887,977,5289
4374,4837,3308,1835,509,3804,5769,1938,1835,1497
4378,3308,3850,2264,5153,4591,392,3874,6036,5201
4384,5600,2323,1383,2041,438,3693,959,136,4521
4397,5972,2380,2540,349,1831,274,3471,729,4571
4401,3261,3836,1404,3208,4526,3230,4510,1812,4180
4403,1897,1988,2645,1736,438,5005,1408,5096,1624
4414,1468,2731,3609,1168,220,329,654,2506,442
4418,3261,2031,5333,3389,4611,2176,424,1207,1273
4428,4446,1969,2264,1650,3339,4995,910,3940,161
4440,1591,5769,5625,3226,5875,1737,5424,1074,2793
4446,1676,302,4750,1790,29,3622,757,3971,424
4447,5267,5077,5614,4995,4837,3677,3411,4815,1181
4452,5049,5516,274,2609,4972,4512,3592,412,2656
4460,1203,258,3001,1522,5136,715,2020,3648,3032
4470,3105,6036,3471,5759,5625,3031,4363,4363,1812
4472,3171,929,1511,476,1676,3513,1182,1737,3705
4485,1628,3816,5684,40,2978,654,242,3425,1628
4490,4705,412,3105,3836,346,1448,1650,4585,3651
4491,1628,3609,2793,1183,3308,3001,509,2643,183
4494,1242,752,4510,3836,442,1540,3651,2898,4750
4507,1029,1851,424,5000,4470,2793,4446,442,3032
4510,474,5096,1851,1794,2299,2242,1676,5848,4115
4512,3315,975,5614,4836,4446,4585,2691,3389,4887
4521,5838,3410,23,2059,1376,5128,2126,1968,1132
4524,1758,729,453,2793,4933,4447,5282,4510,3389
4526,302,1634,5826,1988,3001,1879,2919,5142,2753
4535,442,5684,1628,4470,2506,3550,4510,4001,977
4552,3689,5015,398,2119,260,3422,2271,2498,649
4556,2409,2058,4771,5657,1685,3032,652,5826,5854
4561,2206,2919,4611,654,4521,724,5345,5504,3648
4571,2824,3171,476,674,4837,2427,3471,260,1029
4573,2609,2323,4447,1383,5614,5333,3916,5305,4161
4577,2409,4779,4180,4521,1882,1628,975,4452,4705
4585,3032,5607,2994,4401,1390,2251,1968,3329,3356
4591,474,4750,3984,107,3476,3589,3471,4490,5371
4609,3878,5225,2466,705,5142,3923,1974,3940,453
4611,6036,4447,3585,4190,2380,5333,302,2222,476
4617,4611,2165,15,4342,862,1634,2764,1988,1029
4624,2830,5516,5020,2592,1851,2498,3087,5504,4836
4625,5504,1676,2824,5172,4239,2427,4210,1812,442
4627,3735,4888,2251,2428,2016,5015,5042,1701,1561
4650,3399,3339,235,136,5972,5164,3850,1696,3769
4655,2837,2351,1597,3925,4026,5762,2507,4313,1737
4661,5077,1597,1273,3916,412,3816,242,3445,4161
4662,2526,3026,2320,4447,5153,1835,3878,4738,412
4670,2810,302,3477,3410,1125,2223,1058,59,3550
4671,5677,3648,1181,3118,4261,5670,1466,2731,3693
4687,4870,5747,5689,1968,2041,2251,4054,2264,5077
4705,4798,3121,2299,3470,975,1466,329,4118,1273
4718,1701,2507,6036,6036,5922,1676,4446,3077,1448
4738,4526,4995,3940,329,424,1482,2507,714,3425
4746,3984,2353,5128,1128,5689,4524,752,4161,2837
4750,1899,2164,3180,1206,136,338,4510,1128,1969
4768,4239,4239,5684,2333,1303,1752,1182,1988,1196
4771,1628,453,5371,3422,4771,4221,3410,150,5652
4774,1597,5607,3651,1835,4472,2421,438,476,5767
4779,1897,5082,2411,2830,1752,5023,1883,2941,1242
4791,4485,1441,3550,3735,4972,6036,3592,5014,4079
4798,4585,2540,302,801,3693,3121,4510,3651,4447
4807,1224,3589,5522,5614,4807,2753,1593,1593,1968
4813,4940,4115,432,4281,1835,3162,4832,2752,5848
4815,3804,412,910,5000,2466,3751,438,4662,1128
4832,4221,442,4933,757,4650,3206,2643,1968,5123
4836,4485,2781,4161,2592,1164,3842,714,3032,5767
4837,1938,5077,2793,676,1676,329,3208,3751,3180
4847,5769,329,748,1207,2967,2251,5352,2041,5042
4849,429,3308,2411,757,398,5081,3974,3705,2688
4854,3889,2410,3453,1597,3410,1794,1950,3836,2978
4855,1676,170,753,1701,181,438,4118,5123,2810
4870,934,3411,5613,1846,714,3651,752,1685,2063
4887,587,2559,3754,3031,235,1877,1287,235,3757
4888,2016,4746,3135,3135,5015,4225,4510,4510,1899
4892,237,714,5289,1791,929,2939,3971,2507,2830
4930,1448,1466,1897,3953,4115,4342,5273,6036,5163
4933,1273,2561,1851,4888,910,302,3706,5917,801
4940,3878,5917,5553,2975,5333,5755,1988,1130,1969
4972,1448,4977,4472,3425,3180,2541,2411,2041,2786
4977,1737,4591,161,4054,4977,1448,2242,1851,4490
4989,5143,5614,5032,1712,5600,4327,4989,392,858
4995,4611,4535,1481,1965,1950,471,3735,1383,1870
5000,5039,3192,3576,5677,712,5854,3894,3026,2753
5005,5107,258,1511,5677,910,3940,3491,5771,1125
5008,3889,2046,183,3751,2068,1196,1366,5551,2264
5014,2022,3589,3329,3585,1183,2411,4315,3550,3208
5015,2251,5758,3308,5333,3253,3425,5172,3230,2126
5020,2645,2941,3816,5153,1224,4485,757,2972,5345
5023,5163,5826,4328,2165,3513,1988,244,5371,3477
5032,5032,1132,5107,2561,302,4006,4611,4774,2223
5035,1273,2507,4491,2256,5015,5504,5677,5107,442
5037,1203,3664,2848,1203,438,3806,1701,329,2409
5039,724,713,718,5039,15,1845,424,3648,1001
5042,424,1835,2793,1737,577,136,5136,4832,224
5044,3916,2472,3087,718,5042,2041,2898,4006,5032
5049,3916,2242,3769,13,2020,3471,1879,4470,346
5071,4472,1696,431,340,624,2063,1696,1203,4526
5077,5813,392,3971,302,424,5522,3135,453,225
5081,3931,3289,2011,752,752,5922,4190,392,3677
5082,1242,1242,338,338,5085,3425,1482,1739,4190
5085,5333,424,3769,2753,2016,5972,654,5371,5982
5096,4472,4079,1628,5453,752,1737,425,2242,2753
5107,2271,4671,2779,398,1273,3816,975,4239,4233
5109,3648,2994,800,1433,2126,3294,2164,2164,5631
5123,743,1676,5185,4573,2063,4768,1001,136,3751
5128,3425,5838,1846,1846,4940,1685,4650,3677,4243
5135,685,3589,5085,3253,2041,934,5082,5042,3769
5136,188,2165,1278,4447,5424,757,3513,3308,2376
5142,3410,5684,1752,3511,4791,1341,4378,1899,4491
5143,4371,4995,5508,3531,5671,5808,757,5128,4225
5153,4798,2929,259,3652,4573,4447,136,509,5333
5163,5267,6036,4791,977,5614,5813,3971,676,5163
5164,3476,5747,3253,1303,4026,5143,975,3842,4401
5172,2670,5082,438,3940,1899,5265,1736,4779,5522
5185,2041,6021,1094,5413,5185,4103,329,4940,5419
5188,685,4485,4655,3842,3471,1125,5188,4510,2020
5196,649,4352,4397,5607,3705,3048,5759,1383,1466
5201,1650,1897,2472,136,3226,2874,3411,1897,1899
5223,4779,3589,5547,1685,2595,1018,3751,2411,5689
5225,3359,5153,1701,4718,424,1593,258,3609,5684
5233,2222,5689,5755,1758,3471,4591,5413,3425,5386
5236,4798,2848,5164,1676,5769,629,338,4512,274
5251,3693,2063,2012,1468,2645,4470,2862,2380,1128
5254,3359,5845,5677,225,2242,800,3878,5371,800
5265,4591,1561,3693,2609,2670,235,5614,3200,862
5267,2050,3206,5457,509,259,3571,3635,5614,2764
5273,3558,4671,5082,3359,801,5652,3576,476,3471
5278,1712,4447,5278,1685,4362,3192,509,150,2595
5282,3422,4807,4470,2016,2084,2410,1125,5142,1938
5289,2411,4020,2753,1513,674,674,3356,2409,1897
5305,3664,4526,2173,5282,5522,4079,1968,329,1421
5322,724,474,3056,29,5015,1468,3674,3674,752
5333,1593,715,1802,2793,1168,676,2666,4115,5135
5339,1182,4490,2164,3384,424,2765,975,4791,4313
5345,453,752,346,346,2898,4507,1328,5747,474
5352,3592,3705,5553,3589,4446,4887,3630,4006,1441
5362,424,890,3380,5413,5082,1882,2290,2002,2280
5366,2323,2786,1684,424,2726,2753,1710,2676,977
5371,2251,2164,3380,4026,3737,4447,161,5547,5077
5378,5815,1655,3031,757,1897,2731,3389,2757,3031
5386,2863,432,3630,3540,3085,5776,1244,2892,1969
5396,237,1511,2223,1676,5020,3842,3920,1303,1206
5413,3878,1168,4491,5894,5289,1242,3648,338,3769
5419,2507,1794,3135,181,2718,1383,5333,3836,1181
5424,5008,4854,4507,2919,1391,1969,1224,183,5875
5427,2883,757,5188,4470,2592,1224,4362,5378,4995
5432,5838,3585,2323,509,2967,3842,1335,4447,424
5453,3041,718,4887,3706,5136,1835,5797,2242,5769
5457,621,4837,1602,5826,2240,4888,3477,4054,4071
5489,3359,626,1676,1969,1500,224,3206,2526,4490
5496,2251,4849,615,1303,959,3931,5580,5889,615
5504,1938,2892,5107,3171,3208,3261,2883,3909,4352
5508,1423,1001,1160,975,1206,425,4662,5504,629
5516,1128,1128,1835,4661,5035,1897,3308,5163,2173
5522,5522,2173,2404,4472,3056,1181,5039,3032,429
5545,392,2172,1390,3916,2764,2376,3501,5371,1701
5547,1001,4414,4837,3471,1737,3356,23,3705,329
5551,5014,3410,3842,1561,2063,5371,2264,4625,4104
5553,2012,431,2173,3540,3118,2507,5236,4261,887
5572,5972,5457,5136,4791,5432,3118,2929,1390,3550
5580,1877,1335,242,1882,3410,5647,4239,5201,5000
5600,2203,4510,4662,2172,3693,1794,4418,4989,1339
5607,3550,2901,3226,1974,776,3931,777,4849,927
5613,3576,3491,5109,5333,4446,2223,4510,3705,5553
5614,3693,3582,1391,5333,1737,1540,1383,5949,453
5617,4148,5826,2063,2645,5580,2994,1737,4054,5671
5624,3712,1974,1974,161,5267,2967,2967,5289,1301
5625,2636,5282,1835,3056,1988,3592,3511,904,346
5631,801,2020,1835,3185,1128,3208,4524,5677,1897
5647,3206,5504,3689,136,3425,438,4687,4006,3031
5652,2376,4791,5854,3630,5949,5600,4472,1448,150
5657,4510,5958,718,5000,5136,5135,759,4115,676
5670,3482,1897,577,2050,1591,4892,3476,3308,3121
5671,1624,5339,5504,1273,2793,5432,1130,4472,181
5676,4507,3411,424,1968,5657,5614,1628,975,5008
5677,4535,1835,1968,714,4054,4887,2507,1676,2865
5684,5163,1712,5035,4289,1883,3505,743,1835,3410
5689,801,4940,1877,2236,1242,1448,1320,624,398
5747,4771,2898,3261,1058,5747,3816,5614,5504,2271
5753,3476,2271,6021,3261,3208,3677,2526,2753,3651
5755,3200,5142,3308,2063,5759,329,3689,1244,5333
5758,1685,1421,1896,2408,3609,2786,2901,1001,3380
5759,3850,5769,3585,4115,752,1676,4001,3927,3874
5762,5775,5015,3087,5755,5762,3971,114,1899,2063
5766,587,752,509,3550,1831,1712,3558,346,718
5767,136,509,1497,1128,2097,5922,5225,3751,3558
5769,2540,5136,2567,1276,5949,3056,714,4774,5109
5771,1696,5758,5005,1034,1802,2472,4791,1591,1593
5775,4510,1969,832,2223,3410,2063,2176,5838,801
5776,3842,4526,5142,743,1739,3471,2752,4512,1223
5797,1404,3648,2242,5254,1628,1207,3916,2063,2421
5808,1899,1224,4687,412,2411,4887,3339,2119,2929
5813,4289,329,4627,1448,4661,4521,3940,5020,3315
5815,1399,3077,2084,3135,5305,674,2609,1968,4029
5822,1182,5225,3135,1835,1835,2376,5822,4384,4026
5826,2022,3543,714,4014,1712,5766,1593,425,2957
5832,5832,777,2041,328,4103,1650,4627,3693,1276
5838,5553,3389,3192,1273,476,3408,5684,5282,4363
5845,4510,5085,4161,4079,2483,713,2501,1896,1883
5848,2472,5614,3410,2676,1224,1273,2786,3751,3589
5854,4071,442,674,2299,1794,975,5044,5419,340
5875,2670,4079,2411,757,1029,4655,5617,3615,1004
5889,509,3630,188,2058,1390,2939,463,1624,4233
5893,5893,2636,2645,3180,3836,4524,1684,4190,2645
5894,3399,1335,6021,13,3032,2351,1207,1593,3032
5917,3315,2752,3411,3582,1181,3955,5551,1835,4210
5922,3806,5077,4115,4328,676,5039,5432,1034,4510
5943,1376,2172,5096,4779,1752,3806,3410,3842,3410
5949,3916,5854,3540,3916,424,5005,392,5109,2041
5958,1591,5163,4888,5049,3940,3927,1448,3693,5085
5959,2203,1164,2063,1433,1181,3001,5759,2978,5600
5972,2592,1383,5972,1879,2731,4832,424,4940,4328
5982,800,629,5747,1685,1870,1968,1835,425,136
6021,4054,2466,1291,5172,685,3927,1790,1896,2967
6036,1391,4617,1744,1744,4888,424,4447,3415,5689
