13,3261,4026,2264,2901,150,237,3940,2786,4327,
15,676,5278,713,2020,3308,4561,5107,4460,1707,
23,2592,1468,5600,3389,3769,4490,3735,1497,2793,
27,2862,3692,929,4510,5607,641,2041,2251,406,
29,2059,4161,1018,3511,1303,5077,638,3705,2203,
31,2541,685,3558,1628,6036,4281,31,752,5624,
40,4930,3032,5082,4510,471,676,3648,3692,5273,
59,4774,2752,6036,2411,4243,4573,1303,3923,1038,
83,3032,1207,5508,2592,4995,188,1835,3471,2580,
107,1497,1074,1383,1744,424,4977,5142,2592,3576,
110,3208,1399,1850,4079,302,1094,3041,2929,3476,
112,3589,4490,4510,4362,5305,3804,3926,509,1404,
114,975,2063,1207,2068,4371,3408,5135,3576,2203,
136,1383,136,1737,1404,5289,4655,1790,258,4115,
150,3339,4887,4888,1974,3589,3693,626,2507,5775,
161,2041,5128,3226,6036,5077,5265,1696,577,929,
170,5201,1224,110,1441,2793,4418,5153,5747,1866,
174,2830,685,476,4026,1712,5489,4313,1851,929,
178,2967,1899,2068,4281,2016,3652,1676,4447,3751,
181,453,5875,712,1624,5136,2994,5671,757,2753,
183,3032,2609,3380,3735,3592,2002,3171,4855,114,
188,3925,2012,1690,2764,1902,4115,3513,1303,3032,
220,4940,4526,895,5386,1301,2243,4655,4933,3804,
224,1287,5236,509,5000,4024,3693,4671,225,3751,
225,5747,5631,2595,4655,225,1591,3692,752,5015,
231,2753,471,1328,621,5753,5014,5762,1899,5352,
235,4401,3425,5522,2526,1988,329,2561,2793,509,
237,1441,1224,5759,777,4418,4071,2793,3791,577,
242,1018,1676,3609,4384,3087,3589,1812,372,1851,
244,1802,2764,183,3501,3422,4750,23,1018,5371,
258,1938,5848,3769,652,3878,2409,3836,3491,4261,
259,5153,1352,4573,259,2793,5282,5767,5854,1701,
260,4472,2097,2472,2842,329,136,181,2559,1074,
274,2063,3940,4104,5677,1790,2063,23,3425,1335,
289,3648,3592,624,4485,5163,3916,2941,2994,1602,
302,757,5758,302,4024,1968,1624,3648,3850,4779,
328,1168,4446,2063,624,2848,1339,4315,5759,474,
329,3940,2020,5123,2059,2466,3032,4813,5371,934,
338,5172,4104,1552,1466,5333,977,3878,3085,2041,
340,2691,4362,5457,3842,5607,5972,1224,4705,5848,
346,1001,5684,1969,6021,3923,3705,3909,1899,2507,
349,2172,757,3609,4524,3571,5776,170,2142,2353,
372,713,1448,5771,1448,3162,3855,5689,1242,3842,
392,5366,3582,1591,2752,3001,5345,4001,5333,5771,
398,5845,1882,1421,776,2765,2810,4662,1745,676,
406,1164,5504,1383,638,715,2020,654,2848,1203,
412,1207,4006,3782,2540,3389,4026,2002,5972,3491,
424,5071,5848,40,713,1125,1448,4524,3842,2164,
425,752,4774,5352,5607,3491,1851,3001,302,1207,
429,714,5333,3894,438,5875,1877,2810,5759,1790,
431,610,1676,429,3582,1601,2223,2927,2810,5396,
432,2290,2793,4414,1182,1168,4524,4705,2541,3630,
438,2264,2242,438,4384,2793,1945,1018,4617,4103,
442,4771,2567,2764,1974,752,474,712,4026,5504,
453,4771,3816,3558,5775,2353,338,1175,5044,4313,
463,5352,3693,3118,5762,2901,424,4024,5345,2731,
471,5107,1404,2894,3415,1511,4561,3916,2251,2848,
474,1752,346,2063,4670,3026,5676,244,4972,2972,
475,3411,777,4161,4446,5949,2173,4161,2541,1974,
476,3308,6036,4849,1301,4371,715,3651,5759,1181,
509,4535,1383,3953,2837,3754,4491,1835,777,2376,
556,5015,4510,5136,3105,2203,1870,114,2012,3923,
577,3651,1291,5826,3431,4611,2427,3471,1624,4510,
582,5684,641,2466,5614,752,587,4490,1882,5236,
587,1448,975,2020,5015,1896,1968,5553,3816,1676,
593,3226,412,1391,1303,4024,1676,1845,3261,5516,
610,4655,3180,1004,2063,2957,4320,1938,3836,4054,
615,3476,3105,5251,615,3916,5769,5345,1224,641,
621,1224,1207,2943,2730,110,181,4014,1690,412,
624,3410,3874,3118,2807,3422,5015,2666,2757,3971,
626,2901,4556,5278,2041,1468,5815,2989,4054,3560,
629,1712,5042,629,2824,629,2068,629,509,4084,
638,4609,5339,3180,476,2172,4001,4687,2883,4281,
641,1404,4115,1404,2506,5972,3648,1448,5771,4774,
649,509,3431,1851,800,1790,4510,649,2068,2203,
652,2404,2041,302,2972,4006,4490,4556,4611,2540,
654,4378,652,4472,2084,929,2020,5143,1391,5657,
674,5766,3003,2731,329,5504,3693,5614,372,626,
676,1244,3689,1655,4837,1902,4524,2676,5185,438,
685,170,2271,2376,1676,5767,1158,934,2786,1879,
705,5282,237,5136,1676,3476,5142,136,274,3411,
706,2781,2173,4103,3531,412,2506,5614,4371,1248,
712,5972,2097,3410,705,1676,471,1624,5652,1181,
713,3445,4524,893,4510,2807,4460,2020,1988,4510,
714,3958,4024,5689,5333,2333,5386,3208,4490,893,
715,3923,5163,112,934,3491,5614,3693,235,5015,
718,714,4750,5767,476,4362,2883,1125,5516,4472,
724,2676,4084,2941,1303,5453,5759,1404,5419,3811,
729,5684,2506,1597,3031,1109,4460,3592,1969,338,
743,3705,800,1540,4854,224,1273,5345,4161,3422,
748,5775,2567,3308,1390,1676,4006,2592,2242,4977,
752,3031,2410,5254,3476,1794,4414,5689,509,5684,
753,783,2793,959,5657,5580,4625,5516,3491,2242,
757,4855,2012,3185,3208,1502,3026,2016,5776,225,
759,1391,1390,2506,1969,2012,1707,5333,5545,2670,
776,429,424,5982,5254,2507,1831,3874,1676,3925,
777,1696,1601,349,1835,5000,3940,4855,2892,706,
783,4014,893,2666,1383,777,2172,509,3491,4161,
800,6036,340,3958,757,237,5278,4750,5657,2380,
801,5614,4452,1758,3615,2793,1883,2176,1002,4315,
819,5015,5753,3422,242,752,3920,4705,107,3651,
832,3540,3471,1790,3308,5453,5759,1707,2837,1421,
851,2408,638,4552,328,638,2046,5453,638,2012,
858,1128,934,1897,2501,757,4428,5758,3431,2421,
862,2882,1877,1835,752,3940,3550,3425,4020,752,
882,475,5457,3356,626,1758,2041,4342,2271,302,
887,2978,438,5096,1879,887,975,3513,3253,5775,
888,1871,4552,1736,1707,2068,1552,2119,1866,1899,
890,3001,1203,3471,5747,1029,1301,6036,3592,2507,
893,2919,3735,1802,1335,2031,5233,442,231,2752,
894,5516,2793,934,424,752,509,2161,5625,3925,
895,5453,1883,2645,895,3180,3171,181,2164,6036,
896,3408,968,392,3560,2380,3648,2666,372,1175,
904,5767,904,2929,29,1950,752,3422,3576,4352,
910,3359,438,2176,5378,5838,1513,5767,4447,6021,
914,1552,2643,5233,2022,4655,3410,2643,2223,2222,
927,1383,4115,4705,4591,5766,959,2507,5081,5153,
929,5077,3031,3471,438,3878,4470,3648,2506,3425,
934,3208,6021,4561,5504,3558,2409,1058,425,5652,
939,5771,2807,3505,1224,23,2883,3425,5085,3705,
959,5600,5747,4887,1207,1259,5000,13,3491,406,
968,5813,23,235,2012,2842,4115,858,1676,1965,
974,4510,3513,1094,3356,3651,1712,1327,2249,5371,
975,3511,1650,577,977,3651,3031,1752,3585,1835,
977,1897,4363,3592,2057,4892,5153,4342,1845,1038,
991,1802,4115,3253,2786,676,2059,2376,2941,1242,
1001,5854,2376,3410,757,338,3630,1877,2012,1001,
1002,3032,2978,3705,161,2559,2280,2786,4510,2862,
1004,4535,2012,5625,2020,3894,3689,5039,3208,5607,
1018,3692,2294,3471,3916,3315,4352,1130,274,4210,
1029,3894,3066,587,777,3389,1737,235,3648,752,
1034,424,1303,1034,5136,3931,5042,3180,3589,652,
1038,4418,2308,715,2656,2779,2676,5614,3425,1383,
1058,2271,1899,2873,1287,5614,4609,5689,5333,1752,
1074,757,3558,2059,4026,3424,752,4791,1685,2752,
1078,1078,1078,5005,2376,4940,1758,2643,1879,4627,
1094,5345,1094,4771,1969,5553,5096,3648,1224,5163,
1109,2068,934,1969,713,1448,3206,4977,2609,476,
1125,1448,2020,3635,1207,3411,5949,4452,1835,3589,
1128,1521,442,3916,4306,1128,2507,1737,5553,1791,
1130,676,3471,3001,4746,3971,2807,2380,1701,753,
1132,3399,3513,752,4933,1244,5023,1696,3513,1676,
1151,1737,3422,1303,3411,1132,3850,2929,4779,1390,
1158,453,2898,2848,476,934,2097,1628,2476,3850,
1160,3031,329,2063,3261,1164,398,4887,3162,2222,
1164,5647,1164,3066,3453,1164,1802,3200,412,2865,
1168,5289,4418,712,5607,577,3693,1481,2670,4118,
1175,4101,3425,2222,3032,4849,2793,5015,3026,3751,
1181,188,3543,2299,5759,910,1851,2020,1207,676,
1182,4655,4791,5972,1851,4470,5972,412,1740,3476,
1183,2501,1224,1383,5917,2410,5049,5889,5333,2351,
1185,4591,4447,1391,242,3615,777,3705,5273,259,
1196,3389,3121,5096,1421,5453,2084,4738,3769,274,
1203,752,3757,509,2824,5305,1203,2016,1831,3705,
1206,714,3425,5614,2020,757,5278,5096,1242,3677,
1207,1794,4650,927,3585,5848,3476,5776,2865,5753,
1223,1502,2810,4662,1758,5677,2041,4650,1125,2753,
1224,718,2427,2290,3894,5185,3026,626,4705,1685,
1242,1897,5775,1969,4418,4662,3384,1242,757,5848,
1244,5684,4510,1736,718,1752,2939,5689,3769,1896,
1248,3476,2688,425,302,174,4611,904,4115,3476,
1259,4014,3031,1423,1737,5251,1259,752,1790,1207,
1273,5015,3543,3471,801,4281,3175,3842,1758,4738,
1276,5345,244,5305,752,3693,224,3032,1125,463,
1278,4030,1109,2280,2161,3048,3415,3585,2643,425,
1287,3816,1383,1181,3878,5128,5797,2793,5267,1287,
1291,2967,1301,1628,2643,4854,4526,4609,3471,5522,
1301,4750,429,3171,453,904,1078,2380,939,2929,
1303,3550,1273,4328,4490,3032,181,1224,1181,5684,
1312,5614,3601,3031,4671,3389,509,615,1273,3380,
1320,3476,1665,3453,4490,4161,1624,1183,2731,2063,
1327,2203,5085,3693,4001,5015,4510,2203,2172,4507,
1328,1712,1203,1745,4510,2242,757,4791,3513,4281,
1335,1685,509,5107,5225,1244,471,1335,3589,2764,
1339,302,3118,5042,800,1969,2765,4261,3162,2165,
1341,4556,1160,1835,1181,1207,2842,2063,1341,3836,
1352,3171,4026,1712,1897,4079,1001,2376,471,1001,
1366,5305,1034,1130,3389,3031,4655,1812,4327,4036,
1376,4148,4024,4001,3664,4161,5044,5854,1001,1897,
1383,442,4029,3032,1151,5081,2793,3689,800,757,
1390,5832,832,3208,302,4650,2172,1001,424,5684,
1391,1352,3026,476,752,4617,1004,4084,3501,5848,
1399,4148,1684,2307,2592,3389,4655,4524,2486,1181,
1404,1676,1182,1974,3693,1899,2404,3471,5504,2271,
1408,1511,2063,3651,2848,5039,1696,5657,2967,3056,
1421,5289,1223,329,1790,3226,5172,1421,3513,2022,
1423,2567,4847,1352,258,641,509,3878,412,5613,
1433,5251,1244,2203,1433,5875,2730,3511,2894,2507,
1441,1882,4079,641,1390,1206,4738,3003,1655,1004,
1448,4026,4571,1968,3380,977,2002,1383,4378,1301,
1466,3056,3689,2810,3308,3362,1502,4526,1320,2411,
1468,2564,302,4472,2050,1790,1897,1433,5225,4026,
1481,1175,4029,3524,2810,4161,1182,3576,1094,2753,
1482,1366,3471,4624,1391,3916,2390,1745,1974,2786,
1497,1109,372,2308,4403,1383,3850,2376,1185,904,
1500,5371,3171,896,1851,4352,5035,3424,4771,5516,
1502,1902,1168,4837,3589,1328,1182,1128,2898,1968,
1511,1850,3041,3931,1273,2659,1988,1737,5755,1959,
1513,629,4472,4705,3816,2567,5432,5617,4006,5504,
1517,1466,453,3471,3135,4026,2020,1737,107,3031,
1521,5278,161,1591,2206,2764,4524,718,1278,718,
1522,587,1502,882,1244,1974,3754,1522,1522,2943,
1540,1701,2882,4854,3425,4526,3118,412,431,1988,
1552,453,2264,757,895,5107,5333,3041,4024,2967,
1561,4940,4611,5333,225,2645,5042,2765,1561,2595,
1591,2020,4446,4661,3319,4510,1128,3705,2046,231,
1593,1740,4447,5386,5747,705,438,2645,3389,624,
1597,4526,4791,5614,882,5845,5917,3294,1988,1273,
1601,2507,3955,4855,654,3476,1593,2203,652,777,
1602,3491,5958,5614,1132,5762,1602,3491,3180,4327,
1624,2271,3955,438,858,509,2068,329,5014,4510,
1628,1448,424,4328,3294,4933,2580,2670,2967,5082,
1634,5035,2251,3751,3916,1831,1851,2994,3689,83,
1650,1522,777,4573,3693,1737,3162,3180,1899,2242,
1655,4472,3315,4791,1845,1696,424,5624,3513,2781,
1665,1207,3356,5163,904,3648,3674,3410,1433,3550,
1676,1655,5607,2002,3471,5333,5273,2670,1628,556,
1684,929,2901,2731,2486,1812,1224,1466,1130,1164,
1685,3399,3410,1203,3615,5522,2376,5082,4054,4535,
1690,3425,1151,2507,398,3041,652,2016,1125,5172,
1696,3206,3693,5453,5345,1597,2380,2752,4447,3491,
1701,3410,777,2376,4363,3652,3850,1712,3087,4705,
1707,715,1835,2779,59,4977,3735,5049,3940,577,
1710,3445,1001,2994,1352,3356,5282,800,5972,1710,
1712,274,1684,1712,429,1685,3589,4352,1383,438,
1736,5684,1151,714,2730,3916,4289,1737,1812,3308,
1737,3705,5135,4079,4774,258,2656,4609,4054,3705,
1739,5163,1877,1404,3362,1094,1125,1812,2559,2752,
1740,4036,1685,4490,1181,1968,5233,13,2567,1408,
1744,1339,3471,2943,1128,2580,1168,5516,4995,977,
1745,1851,6036,2119,1001,5386,2382,5838,2063,4611,
1752,5958,1624,3804,2376,1870,1752,475,2592,3648,
1758,5333,349,3585,2063,2380,3471,225,1466,5077,
1790,4552,1974,1969,5755,1312,801,2567,2567,2119,
1791,3389,4989,4054,4870,752,4771,1303,2031,2837,
1794,3540,676,5366,5042,3850,4535,904,2380,3705,
1802,4510,2472,3571,5771,3804,714,5614,4447,5333,
1812,3308,3471,4671,3806,1812,4791,1244,4362,2757,
1822,2873,629,2666,1974,3971,1877,1034,1624,2022,
1831,424,1034,1676,2050,712,3648,2164,2427,3308,
1835,2645,1851,1158,3279,4446,5832,5352,181,4001,
1845,2084,5107,474,3471,1303,2975,1273,4001,5265,
1846,1707,2020,3208,3185,3524,5832,882,1846,2972,
1850,2012,1383,3953,178,705,4403,5142,5008,1511,
1851,424,5278,3664,4837,5008,4798,3705,59,5267,
1866,5854,4718,4315,743,1001,2929,715,975,429,
1870,2753,3476,4363,3615,1965,453,3315,3878,4161,
1871,5014,412,1974,2041,1850,2203,3511,5366,2929,
1877,5322,1877,1701,3971,1877,862,161,3836,5747,
1879,757,2691,2540,3630,714,242,1181,475,3056,
1882,424,4024,4210,5671,1335,5982,1303,1448,1522,
1883,4940,1851,2882,1287,2041,3026,1291,1242,2031,
1896,3705,2592,1540,4118,2027,1899,654,2507,2370,
1897,1029,1181,4115,1897,5289,453,3453,2901,4940,
1899,1845,2786,3471,5333,4670,136,5172,3635,3056,
1902,5015,329,6036,4161,5624,3041,4940,1181,3471,
1938,3955,5282,1812,1969,5848,685,1203,5848,2411,
1940,2016,1273,4447,3531,1696,1794,1500,2084,3693,
1945,1278,1988,2994,1624,1802,5172,2752,705,3422,
1950,3294,5689,3031,5352,338,4485,3677,743,136,
1959,1758,5676,509,4573,474,1707,975,2222,107,
1965,424,3389,1696,2264,3410,2691,1846,1701,2793,
1968,5943,2059,2251,5949,1303,5015,2063,329,3916,
1969,5677,2793,4261,2793,424,4180,1130,1109,2411,
1974,4791,1244,5614,2016,3705,289,4371,4261,5023,
1988,2323,4617,638,2873,3171,438,3842,2929,2901,
2002,3001,5109,1224,4418,5042,27,3811,2939,752,
2011,2901,5153,150,4933,2659,4526,2929,2041,5223,
2012,5000,2264,752,6036,2172,4655,1242,2249,893,
2016,5333,1181,5015,3471,2883,968,4363,5386,1969,
2020,4001,4024,1168,2874,509,150,5854,1303,1125,
2022,3491,2041,1125,3705,5854,3192,5345,4384,858,
2027,5614,4791,2541,2264,2967,442,2472,3971,5848,
2031,1812,412,302,1513,5759,5822,2807,1690,1690,
2041,752,2043,5689,3926,3087,556,5023,3769,1835,
2043,4510,3511,927,1248,2376,3471,776,3121,2483,
2046,3410,3855,3916,2592,3118,4798,5037,1242,777,
2050,1597,4362,5854,1058,1448,1883,2031,3453,5826,
2057,3540,1404,3041,2043,5689,2941,2781,1125,392,
2058,1561,1181,3031,5413,5378,4490,2020,1685,346,
2059,5808,3677,5096,4849,1712,3118,5008,5005,1301,
2063,3804,4512,1624,438,2290,621,1182,718,5949,
2068,3677,6036,3630,2254,3635,3712,5005,2645,2507,
2084,3940,4362,4374,1968,1897,2223,2223,1835,1685,
2097,3905,1125,4662,801,1968,1737,1421,5771,3806,
2119,2119,5453,3208,1448,453,302,3476,3289,3664,
2126,3384,1522,4989,5769,715,4447,161,3001,3712,
2142,1383,328,2290,5223,3415,2142,4470,29,1897,
2158,1899,3916,5143,5504,3261,259,3431,2370,1676,
2161,3477,136,1897,1001,752,752,1540,3180,3769,
2164,4001,5949,1448,1696,2164,2126,2164,1466,5767,
2165,712,302,4661,3491,2050,777,3451,3816,3192,
2172,4617,2012,626,3410,752,5339,225,3069,2172,
2173,2020,6021,4591,4995,2376,5689,4026,1207,5553,
2176,3842,1655,5185,2793,1835,2173,4977,3754,4328,
2203,5522,2786,429,2264,3648,1665,2041,4447,3958,
2206,242,2271,934,2041,4414,4221,4995,3380,4384,
2222,4738,975,338,777,5677,3974,904,4609,1224,
2223,5894,1303,3878,1899,2507,274,1712,3230,1130,
2236,2409,5172,2810,2567,5085,453,4030,1794,1690,
2240,424,5265,4115,2643,1712,3757,1390,1399,5096,
2242,5000,4470,3261,2012,1203,2919,4887,1341,1125,
2243,3226,2810,5305,4670,5671,1303,2670,1737,2830,
2249,2656,2645,1812,752,5614,338,5000,5386,5504,
2251,777,1128,3705,2016,3751,3648,1448,3889,3693,
2254,4972,3550,1399,3511,5201,1391,1597,4296,4001,
2256,2173,438,2810,1794,509,5832,3589,5917,181,
2264,2264,729,2063,302,1676,4888,2203,3926,1303,
2271,5014,3920,1712,235,1561,577,1552,5008,4933,
2280,5265,3032,453,939,5762,3630,161,5838,752,
2290,2793,4036,1597,5386,4662,438,5153,4585,1168,
2294,5188,3511,424,5000,3399,3585,5758,425,1794,
2299,1466,3308,3411,1502,4447,3031,2299,3836,1182,
2307,2173,2307,4071,429,3001,27,2299,3920,1676,
2308,5522,3592,5504,2058,4342,5085,6036,2994,2031,
2320,3652,1835,150,5172,2541,1181,927,3693,1866,
2323,3971,5172,3031,3513,1128,2580,5657,4071,3308,
2333,2643,1404,1058,1242,4933,1182,3451,5136,150,
2351,3940,2676,4371,509,181,3927,6021,3026,2041,
2353,2050,2595,2781,1301,1004,3001,3422,1835,3925,
2370,3751,5813,1737,2011,1851,5265,2873,676,4328,
2376,3422,4115,5362,1737,5854,4024,5614,1128,1851,
2380,2222,338,349,2941,2929,3916,1248,3470,1196,
2382,4849,2382,2939,5142,3248,1597,3842,2011,2779,
2390,2676,2390,1151,556,3470,3362,1877,1391,2320,
2404,3471,442,3589,593,107,3389,1601,3425,5747,
2408,2559,3889,1244,5845,3356,5747,4079,3705,5689,
2409,1591,5972,329,1074,1676,5128,1421,3958,2507,
2410,453,1183,5366,2164,2084,3171,1130,5015,6036,
2411,2781,5922,3491,3471,5875,2498,4609,1712,3524,
2421,3916,1665,4103,5142,3066,2173,6021,4670,4571,
2427,3308,3180,712,4655,1969,1850,1812,1502,329,
2428,1383,832,5015,2506,4079,1591,2892,2526,1151,
2466,2810,2894,2757,5797,4320,3705,424,1950,3032,
2472,1561,5766,610,5432,3855,714,3279,2294,5689,
2476,4118,1737,5044,3003,438,641,2781,4362,1242,
2483,5352,2941,3471,3651,1181,2731,2164,5762,2058,
2486,5035,991,3422,5848,3940,4491,5265,5254,2404,
2498,3001,1128,934,5759,5039,1752,2609,4510,2498,
2501,1160,1276,3208,5522,4791,2164,4687,3757,442,
2506,3589,2967,463,1078,5545,2892,5107,718,5225,
2507,178,1938,3693,136,4798,4104,3389,1244,1752,
2526,929,3476,3615,3380,712,1273,624,5185,1897,
2540,777,1383,5201,2941,2158,5305,3389,2012,178,
2541,1835,3958,777,4384,2659,1448,438,1125,1058,
2559,5759,3931,3171,3757,2466,777,2466,235,3056,
2561,3558,4705,5135,3850,3425,777,4452,4494,1845,
2564,4161,4791,685,801,3926,929,5020,3491,712,
2567,2842,2271,1561,4552,181,1846,3651,509,1312,
2580,3878,977,862,1448,5657,1224,5545,2421,4813,
2592,5305,1109,1739,927,5035,5107,3501,5631,2862,
2595,5339,3279,593,893,893,5972,5677,107,2659,
2609,2659,4384,3855,6036,1871,1203,914,1701,1758,
2617,1794,3451,2764,3001,927,1481,5371,3289,2376,
2636,2507,2243,5917,1242,4791,2119,3601,3185,4384,
2643,2376,3031,975,1058,5265,1287,2764,2308,1109,
2645,5015,1244,3705,5917,939,4328,2251,3308,4115,
2656,438,3971,5039,424,5371,1303,3955,1790,5362,
2659,5135,424,5684,4591,5755,674,1628,4535,2793,
2666,329,3735,161,5755,587,5826,3261,1224,1303,
2670,3491,801,5747,5613,2994,3585,5153,4490,587,
2676,1078,3940,2676,2919,4771,3135,2807,1242,1303,
2688,2057,3705,1383,3411,2428,5352,3931,1276,5949,
2691,1628,2837,1352,3705,4585,4001,3135,1676,4940,
2701,3056,2848,5684,977,3356,1034,5767,4995,777,
2718,242,5762,2486,2753,2164,890,1185,896,676,
2726,1899,2472,5236,2526,425,1758,4026,2975,2243,
2730,2540,2041,2567,1511,509,2161,2498,476,2989,
2731,2119,5172,2830,5305,5107,2752,4887,5684,5958,
2752,3836,5020,1482,858,4342,1181,2752,392,4384,
2753,5972,2376,3693,59,3410,340,5755,4940,2041,
2757,4233,5453,5516,5815,424,5753,235,2862,183,
2764,1737,4771,4403,3453,3971,4771,3425,2507,6036,
2765,5185,1794,777,5972,3737,4837,2501,5123,5044,
2779,5333,2242,556,2837,5005,4849,4577,5071,5522,
2781,2564,349,1001,2206,4494,2501,3476,2786,3931,
2786,2271,4521,3471,3208,4243,4815,5677,4239,2097,
2790,724,5647,1004,4854,5677,4239,4887,2559,4006,
2793,2223,1383,3850,2323,3308,1001,5614,4577,431,
2807,3171,4054,3652,2939,2307,1628,4556,3705,3185,
2810,4071,5123,392,757,2290,1601,3384,3032,1794,
2824,1601,1676,4118,1965,1882,5096,1182,453,5689,
2830,4837,4472,2020,424,5759,615,676,4847,2408,
2837,3589,3389,5771,392,424,1183,1352,5077,3816,
2842,2172,328,5333,1206,1879,2730,2320,3955,1203,
2848,800,4452,4472,3056,4470,349,4521,5172,5015,
2858,4655,2643,1968,5185,975,4577,1988,1242,3705,
2862,1004,2526,3411,3874,2592,5005,4892,3842,5236,
2863,1845,5005,975,1001,1552,235,1181,752,3648,
2865,2022,178,4030,3648,3253,3389,714,5077,2427,
2873,4995,5917,4401,3118,1242,2730,1624,3422,4104,
2874,3635,800,3974,5254,4447,624,5553,1899,2506,
2882,3940,4472,3399,2236,4940,3380,2670,610,2380,
2883,1383,621,4836,2541,4573,2507,3735,5972,5223,
2892,2063,5014,1655,1497,1004,1497,4447,1242,1018,
2894,1206,3589,2701,1391,2994,5875,1701,453,3630,
2898,2898,2063,2894,1224,4384,328,3571,4771,2012,
2901,349,1851,3476,5684,1794,5153,2506,2165,4384,
2919,977,438,1303,5753,161,4662,3816,5020,1879,
2927,5345,939,2027,1899,136,4705,3878,59,1968,
2929,2592,1058,5015,1390,438,621,6036,4510,5624,
2939,5413,3816,5689,718,3135,5848,2643,2978,181,
2941,1968,425,2941,800,1448,4079,4020,4507,2929,
2943,4887,2941,1974,3118,2824,23,5005,5689,1502,
2957,3041,5457,2730,3253,150,5949,1896,1224,4190,
2967,3585,624,3589,3329,2466,4306,2757,2676,2382,
2972,3471,5042,832,3491,1207,259,5000,5972,894,
2975,641,5085,2251,2978,3511,5128,3550,1002,4854,
2978,776,890,150,5049,3118,4397,1851,890,476,
2989,1181,724,1168,438,5848,2483,776,2012,3471,
2994,5419,5322,888,3842,3648,1624,5767,638,4832,
3001,4490,4079,5670,5755,3380,1366,3909,1109,3261,
3003,1203,1897,1181,4791,5096,2012,3471,4655,3940,
3026,3735,4837,4521,3032,1125,1448,712,5163,2271,
3031,5185,3411,5767,724,1242,1883,5600,2411,893,
3032,1448,4161,4510,1391,1244,2793,2223,3602,5972,
3038,3208,2752,5035,438,2929,5607,1744,1441,4281,
3041,1851,2236,5838,302,3971,3200,274,4446,3269,
3048,4524,4472,3425,4446,3543,2540,4849,1224,3206,
3056,3984,5282,170,3362,4888,329,3410,509,5689,
3066,2020,4705,1950,1965,438,2967,893,2236,2164,
3069,3253,329,752,3001,181,4510,819,3712,1899,
3077,178,1812,1018,3651,5875,2376,1521,4507,4625,
3085,3056,5142,1737,5613,2119,2063,2506,509,2242,
3087,3226,4750,170,2507,5762,4470,5333,4327,2873,
3105,3652,1181,2929,5223,5096,2126,4020,2691,6036,
3118,1181,2411,5747,5848,5894,1242,4239,3804,5762,
3121,3804,5278,3491,1676,1938,2701,2643,2701,3308,
3135,2848,2251,3001,3135,3261,3135,977,3031,1511,
3162,4447,3524,5848,5580,1001,3524,2943,3175,4887,
3171,2507,1029,2410,5015,5917,1303,2031,5014,1685,
3175,412,3339,3674,5838,4995,1242,1745,3410,3410,
3180,5107,1242,3031,3693,4855,3705,3032,2757,329,
3185,3415,2580,1291,890,1404,3664,2308,2280,1058,
3192,2779,4718,2063,4374,3471,4718,4977,4491,463,
3200,5267,3208,4930,4933,4507,3451,412,5251,3920,
3206,3308,5522,2022,1244,5107,235,3836,3635,1094,
3208,5755,4001,2307,3651,3953,5005,2059,939,1029,
3226,3226,1466,4512,1802,1303,3031,1794,2063,338,
3230,4662,5333,5775,4972,3471,1181,1468,3121,2559,
3248,1376,621,2752,2810,1182,1940,2421,2059,3836,
3253,1224,225,1448,3253,1399,1130,4352,5077,5759,
3261,3513,1968,4079,5107,748,4854,3038,3630,5023,
3269,3384,5223,4687,5082,220,2691,3601,2158,4161,
3279,429,1366,5278,1802,1287,5753,2972,674,2172,
3289,5689,3289,3635,4161,3501,3121,2063,4161,424,
3294,2020,2643,5684,1968,1109,4750,777,3289,1758,
3308,4472,3630,3652,6036,4507,258,3558,329,587,
3315,5753,893,1303,5042,3026,5037,3453,959,2564,
3319,3635,3754,5753,5005,3471,2592,2807,2643,5614,
3329,224,624,5848,4447,15,3677,3974,2793,2929,
3339,3757,1175,1988,2567,1125,674,3422,3894,3971,
3356,4327,2161,1790,4791,2164,752,1739,1802,1278,
3359,3735,3359,3927,712,752,338,1969,1408,5039,
3362,237,424,412,5015,3491,3505,5553,1597,3592,
3380,3380,752,1938,3032,5848,3248,3842,4024,6036,
3384,3471,3308,3602,753,3384,5545,1335,2058,2807,
3389,757,3769,2020,3974,4054,5762,1988,474,3001,
3399,2567,1004,6036,5032,438,4887,4006,5419,5624,
3408,2370,3001,438,1223,5333,3410,2941,2041,1835,
3410,752,1029,893,638,5625,2472,2050,2242,3026,
3411,4414,934,3836,3453,1207,4327,302,3889,5163,
3415,1790,1376,1301,5504,1513,3706,1794,2793,3003,
3422,174,3916,715,4036,4014,4371,1383,3471,3602,
3424,652,4535,5172,3609,1988,4414,5547,4591,346,
3425,181,2779,5949,4001,1058,5600,1196,225,934,
3431,3652,4571,5071,3889,3118,2222,338,1383,4854,
3445,3931,4837,5032,438,858,1650,2656,5289,329,
3451,242,2323,3916,3031,1383,463,3399,2939,3769,
3453,3315,1224,5958,5747,2240,4029,2779,1074,4774,
3470,1448,5657,975,3308,2863,654,800,1207,2020,
3471,4771,5614,4362,975,5251,714,3916,2063,934,
3476,6036,4972,2164,3121,685,1812,1128,2753,3206,
3477,1207,4617,5771,3576,235,2472,1164,3940,4054,
3482,463,5352,3811,509,587,4118,3836,3077,5273,
3491,29,2223,5854,3425,1203,4779,4624,3769,3208,
3501,4705,3850,1181,2807,2507,5153,2764,3652,5273,
3505,1870,652,6036,5607,2498,4591,136,5943,136,
3511,2894,3878,3315,5671,2498,753,5333,2012,5096,
3513,977,2063,3032,4887,5854,5042,1242,1812,5142,
3524,1561,4490,3524,3735,2382,3524,2041,3380,4418,
3531,1552,3931,621,3589,1182,3782,2507,5676,3904,
3540,1790,1552,2559,5747,3576,1399,1448,2172,1160,
3543,5614,2807,5362,1224,2643,3791,4447,2063,1399,
3550,329,5684,783,1938,3399,2472,1130,1701,3550,
3558,4815,743,2240,2786,3491,2404,1879,1130,1404,
3560,3180,3087,5223,752,3693,3550,2592,5044,1899,
3567,244,5943,3180,1690,2323,3925,5077,1448,2793,
3571,2308,1758,5000,2967,3026,453,977,3399,5225,
3576,4585,1181,2659,4418,3576,5371,3471,3576,235,
3582,4526,5522,5684,3087,1181,329,114,2016,1552,
3585,302,2779,259,1094,136,3032,5522,4371,5972,
3589,302,4815,2203,3308,4591,5396,4661,1522,1835,
3592,2790,2256,3769,3511,1988,1128,2173,1988,3601,
3601,2863,3601,3031,783,289,3601,3476,5504,3916,
3602,3085,3491,4054,5808,1701,2939,1758,2994,302,
3609,1301,2824,4507,5522,4837,5972,1242,5278,4472,
3615,474,2978,5378,3652,3408,1851,5023,1383,3874,
3622,2507,5032,3171,5251,412,1276,757,1835,3069,
3630,3576,2691,183,1094,2068,3180,4352,3651,862,
3635,1552,4611,4573,3118,2793,5553,1897,1448,1791,
3648,4036,181,2172,1181,1737,3571,181,3940,1301,
3651,2165,4705,425,1421,5854,2567,5077,1303,4026,
3652,4771,1125,3476,3308,3576,3540,3380,2645,5614,
3664,4888,2410,1969,685,1540,2659,1897,5755,5153,
3674,3471,2786,3836,2254,1223,5504,3842,5128,1812,
3677,3940,3121,2472,1224,5005,3491,3652,3389,652,
3689,509,2063,752,2022,5424,2617,15,2031,4585,
3692,4342,5504,3261,1109,5185,5894,1094,3878,800,
3693,453,1745,3652,3171,5020,777,5128,5755,977,
3705,3953,424,1737,5077,5769,3410,5671,4854,5008,
3706,2764,425,5282,438,1737,5136,2256,2290,4940,
3712,13,2810,3399,654,858,1303,372,1244,5972,
3735,4535,2507,3470,2483,5096,225,1969,4446,3422,
3737,624,4888,5747,5396,712,475,2764,4609,2176,
3749,1125,346,2063,1950,2172,1737,4452,224,1207,
3751,4670,338,5143,181,5153,3511,4447,3705,753,
3754,929,1897,4289,2507,3576,4888,4671,5044,1276,
3757,3816,5689,2874,2353,3630,2022,3974,3424,2472,
3769,4771,3842,1988,4447,3192,3425,4190,224,3635,
3782,1974,1128,2476,1181,3206,4837,1203,3319,1701,
3791,3749,1448,1969,2676,3380,1696,3791,475,1399,
3804,2753,4837,1866,2002,5848,4428,4705,4115,1182,
3806,5551,4671,5854,4014,5163,3121,3491,2726,4447,
3811,3693,4401,4446,2223,40,3811,1882,1899,2670,
3816,2595,5020,3622,5504,1758,2765,4289,1441,5972,
3836,1938,4210,6036,610,5005,5371,5020,259,2164,
3842,638,2580,225,1448,3735,136,1676,2617,888,
3850,2022,5251,5457,2165,934,429,429,2863,3850,
3855,895,3651,4510,4306,4328,4020,4552,4327,1206,
3874,4670,3850,3077,2498,5096,3069,4535,2466,1058,
3878,1224,2670,5035,757,4524,5614,5142,5854,5366,
3889,5547,5922,5600,442,338,2793,3923,3476,1882,
3890,6036,3782,3890,474,5020,3842,752,4661,1207,
3894,4313,752,2223,5082,3329,4485,4972,5917,3894,
3904,3471,1421,5188,4054,1701,752,3422,3069,1790,
3905,3048,3874,398,3208,3550,4591,5854,5014,1835,
3909,4972,5457,3491,1676,3909,3315,453,3602,4428,
3916,2409,3931,3315,3261,1624,3491,6036,3192,3971,
3920,2043,4225,896,4892,2609,4591,1034,5776,1851,
3923,1276,5684,5808,1206,328,4779,5797,2203,991,
3925,3894,1710,2380,302,3491,2865,3425,1831,712,
3926,1004,1712,3926,2016,712,2158,1701,3571,3315,
3927,1448,4281,2264,424,1758,5547,4225,3576,5489,
3931,5553,235,474,6036,1181,1758,1320,5037,3026,
3940,3558,2765,3501,1273,5185,5015,5522,4079,161,
3953,1850,3836,3118,1132,2939,4611,5624,463,4472,
3955,3589,174,2050,424,2873,5767,2027,4591,3878,
3958,424,2592,3836,4014,2242,3842,2472,5345,338,
3968,2898,1466,5766,783,904,3389,1628,4887,4512,
3971,5553,2810,2506,621,442,398,4650,3003,2670,
3974,1628,2251,5600,1513,3380,5917,4774,2097,3974,
3984,2617,3958,4320,346,4374,3425,800,2994,3984,
4001,1207,5386,752,2203,5000,3940,2670,5522,3031,
4006,3087,3940,1004,5035,5689,2919,4847,1448,4054,
4014,4079,4352,1812,4014,5676,752,302,3491,2929,
4020,2873,4995,3735,1676,329,4115,5545,1969,1207,
4024,2408,2670,800,231,3925,858,582,2810,1376,
4026,1752,894,927,5917,5136,1181,593,3651,3558,
4029,1540,5504,5333,3453,1203,4854,2507,1974,4888,
4030,3652,1181,6036,424,2848,5251,1758,224,4771,
4036,3032,2041,2063,235,3471,5580,3652,5624,442,
4054,587,5378,1897,225,1128,5023,5845,1203,2567,
4071,4030,5684,1074,4972,2691,4870,3677,2793,2863,
4079,4510,1676,862,3874,714,181,5771,4079,4079,
4084,3589,621,3308,2243,5265,1791,959,5689,776,
4101,3806,3031,3175,1481,2022,4006,2927,4006,3121,
4103,5082,2507,3585,2307,4440,2380,624,3585,3085,
4104,1466,1902,5671,4104,2012,27,3806,4485,5278,
4115,1094,2020,40,1522,5282,1278,3422,3356,5838,
4118,1301,2559,2063,621,4118,29,1650,5023,4054,
4148,4079,4655,442,5143,1399,174,3208,225,1468,
4161,3476,5617,832,5071,777,5815,1399,2236,3571,
4180,5917,3735,4491,5333,329,5386,3471,1002,5265,
4190,1244,4687,5504,712,5854,3308,1752,4363,2011,
4210,4006,424,2206,6021,242,3923,3411,1835,1835,
4221,5289,1383,302,4989,161,4180,1181,3751,3248,
4225,1244,4006,1883,4362,1383,5617,3445,509,4352,
4233,2290,757,2807,4687,5613,59,3589,4512,2676,
4239,3118,4084,4661,2410,3953,4161,4591,649,5419,
4243,3308,5345,3754,3754,2203,5163,4854,5265,1244,
4261,4261,4261,3582,1974,3471,3208,1408,476,1870,
4281,1897,4771,2206,1181,5015,4289,3894,1968,3180,
4289,2353,3513,2172,757,3031,475,3476,2063,3693,
4296,2043,274,5496,3706,2941,1851,475,1185,3842,
4306,1712,3804,438,2656,2059,3118,2466,1701,5077,
4313,4556,3905,1676,329,5894,4071,2486,1602,1502,
4315,3410,3384,346,5371,438,6036,3001,1634,2308,
4320,2656,4103,4261,2793,4378,4233,4573,5657,1899,
4327,2165,3652,1758,5838,509,4221,302,274,2507,
4328,2271,509,412,2041,2271,3531,4995,1399,474,
4342,713,3105,3384,1291,4239,178,2164,1183,2203,
4352,800,4362,1206,3850,4036,752,4535,3431,4705,
4362,5580,1181,4362,4446,5265,3066,1899,1448,5684,
4363,6036,3677,1181,1408,5163,1665,1502,2643,1001,
4371,235,2063,2506,237,1273,1203,1710,2901,4738,
4374,5982,4490,1466,302,2567,3031,718,4447,4328,
4378,3319,29,1468,274,2476,1303,302,1831,3693,
4384,1303,424,2793,2012,2764,5580,5771,2203,5225,
4397,5453,1690,1812,2863,4362,757,3931,3652,5647,
4401,4362,1273,398,2874,4510,5371,4510,3476,5077,
4403,2012,3968,5143,1883,4352,4026,1712,4362,4552,
4414,2559,5015,5273,3648,1969,3491,4414,890,5838,
4418,4054,3705,2323,2873,1448,3811,4791,5008,3585,
4428,714,777,5508,4609,3878,5689,1969,3289,2466,
4440,3032,5427,1794,329,1366,183,3389,3836,753,
4446,4079,3754,424,3836,463,4447,83,1181,3558,
4447,2223,2165,3253,302,3550,3769,3806,4014,1712,
4452,5522,5333,5759,1737,3560,5677,5614,2643,904,
4460,1676,5371,509,5972,5854,1001,5747,5371,2161,
4470,1408,2411,3757,1004,1690,2251,2994,4507,4115,
4472,3842,3105,235,2507,3705,3491,2410,4491,2567,
4485,2592,3585,2376,3677,3425,4006,3066,2781,1448,
4490,753,1522,4888,4148,3471,1128,757,3705,3916,
4491,3576,714,4161,1168,6021,5854,4190,3445,2541,
4494,1850,1794,3737,2975,424,174,929,3592,4447,
4507,1383,3410,4490,453,5758,225,882,1244,5107,
4510,4374,4327,5917,3836,2837,3757,2592,3648,1851,
4512,3389,1130,5972,3582,5042,4512,2307,1448,929,
4521,225,1341,5684,1303,2126,2012,2476,338,4306,
4524,3453,1181,2164,2837,5854,4001,3927,3648,2994,
4526,4084,1383,3842,4849,4118,3253,3226,2793,1897,
4535,2595,3208,1701,4510,4447,777,4655,2119,4738,
4552,2390,1335,1737,2486,5854,1466,3855,654,1125,
4556,438,340,3087,2320,4118,3953,2989,432,934,
4561,934,1685,3038,237,1737,724,757,2670,3261,
4571,5759,2164,5580,2050,652,3589,2701,4571,3958,
4573,1591,5044,3453,1058,235,4791,5142,1968,1181,
4577,1448,5096,463,474,2411,1242,2967,1058,939,
4585,4490,1965,1466,1902,2967,3359,4585,1794,1950,
4591,15,3689,5972,3491,2380,4447,4832,5172,5107,
4609,4837,5614,712,3955,4491,1812,800,1207,5386,
4611,2376,5386,4352,2691,4352,1181,5547,3248,1696,
4617,2380,1001,4362,5366,3230,5647,2165,2656,3085,
4624,685,3380,5153,2068,1835,3389,5172,1301,4650,
4625,5109,4995,1879,3705,654,2978,1312,1207,6021,
4627,3560,2592,5457,5107,2172,3737,5371,1968,5808,
4650,2898,4750,2765,5522,587,939,338,3048,3940,
4655,1182,258,1737,5289,3399,2059,1740,3576,2176,
4661,2901,2164,5813,2063,1938,1383,2592,2781,1132,
4662,4342,1851,3026,5547,3410,2726,244,4746,1058,
4670,475,398,4315,556,2063,638,5776,3118,4261,
4671,3689,3953,2929,3842,729,3878,3955,1058,1151,
4687,610,2824,2353,1335,1034,2609,1128,4384,1383,
4705,2874,5776,3356,3737,2223,2031,2068,4705,4115,
4718,4054,3422,3842,5457,4014,5917,4718,5015,1383,
4738,4452,2271,1974,1301,23,4940,4327,2351,910,
4746,2380,5044,1383,2752,1303,975,4315,2046,5600,
4750,4446,3032,5042,5838,5233,934,3927,3230,4384,
4768,3878,5762,1164,718,1448,887,2012,1164,4847,
4771,1242,3261,4738,5972,5008,2967,1383,4771,5769,
4774,5037,5345,3339,4774,5771,5015,3425,424,1029,
4779,2240,453,4510,5432,5631,6036,2027,2793,1870,
4791,1151,2380,2645,3769,2290,676,1758,2939,890,
4798,3087,1207,5037,2994,2989,2506,1466,1701,2730,
4807,624,31,3652,4768,3705,2376,3491,1181,5755,
4813,5424,2041,4115,2411,3380,1328,1511,2564,641,
4815,1871,6036,4239,3380,4591,4397,2046,5082,3609,
4832,2382,5767,4687,2404,349,1736,1303,1835,2222,
4836,4118,1181,2666,685,5386,3909,1897,1448,3836,
4837,438,4573,1287,2020,3491,6036,5854,3806,1812,
4847,225,2901,5015,975,5580,6036,3693,5085,5854,
4849,5107,3118,442,1591,2540,4512,1877,2645,225,
4854,4791,4510,5282,1851,5039,4779,2994,3411,5424,
4855,1158,3118,3032,4289,3735,4104,1168,5000,3850,
4870,2507,3185,2016,224,4855,1712,1685,3757,5142,
4887,1203,3422,2567,5614,1758,476,776,136,5386,
4888,3705,5832,4854,610,832,1851,1988,1791,1899,
4892,1224,4892,476,1835,4888,2666,3077,5854,1181,
4930,4705,5769,4585,3026,3261,5553,2901,242,1207,
4933,776,2016,2203,3540,1883,3308,4933,2307,2779,
4940,1404,629,4573,3737,5352,5427,2807,3842,2507,
4972,392,4972,3916,1737,3185,1303,4243,4977,4006,
4977,3806,743,3576,4118,5759,1151,4327,1737,29,
4989,1094,1058,5107,338,2059,777,2041,5504,225,
4995,4705,1737,181,2929,1132,4006,2161,5107,3513,
5000,4148,3269,1737,3874,6021,2793,4870,3589,1125,
5005,5504,2507,237,5522,1004,3362,424,1676,2786,
5008,4750,3622,5153,2472,1203,4771,4661,3505,4029,
5014,3410,2731,610,3576,1335,4507,3513,5008,3476,
5015,621,4447,624,3319,2012,1628,4750,2264,2781,
5020,5747,1448,3308,3208,242,1790,5504,5071,5345,
5023,4738,509,5042,2176,4854,5457,346,3032,3001,
5032,392,577,3749,1969,5972,1303,3422,5142,2320,
5035,1851,5453,438,4054,1866,5020,4026,4662,5614,
5037,1521,5163,2119,3477,2830,3476,2863,5677,5689,
5039,1737,1001,6036,225,1038,2380,1851,6036,2427,
5042,5755,5775,4611,2793,3916,4460,5037,1745,438,
5044,1301,3476,5044,3261,3940,5023,259,2264,4225,
5049,1223,2786,2472,1511,3408,2752,1207,4892,3622,
5071,4611,2718,3482,431,1511,2941,424,1203,1676,
5077,3192,5077,2161,3230,1883,3543,5875,1273,5614,
5081,1244,1448,5386,1001,3971,4849,1481,1974,3816,
5082,2873,2643,904,2967,4705,5378,3476,2939,4418,
5085,1552,1896,6036,4029,1634,4670,5042,5172,4510,
5096,40,5265,2172,3118,2050,5015,882,4611,3754,
5107,4774,3308,2939,1897,3491,641,887,5107,3769,
5109,2676,2967,3031,3408,5762,1597,4079,2701,3592,
5123,2967,3003,2507,4977,1203,4371,2656,4460,3425,
5128,3842,3558,3261,3041,1125,5747,1758,2730,5172,
5135,2271,346,1696,3513,977,181,406,5826,3513,
5136,3380,674,5972,4001,438,1802,5689,1591,5889,
5142,5848,5889,1736,3208,4510,4460,224,2173,4490,
5143,2022,3550,1181,1383,1004,1466,893,3185,712,
5153,1744,4161,5352,615,2807,1183,2409,5747,2929,
5163,4591,890,2810,5077,1624,2012,2567,5023,1744,
5164,2410,3356,4888,302,3380,1736,1376,1182,3940,
5172,3635,4104,1448,1696,3308,1203,1125,225,3513,
5185,2380,1130,2408,676,2223,1390,3356,2874,3693,
5188,4024,5769,406,424,1794,1882,5657,2119,1244,
5196,4026,5142,3308,5188,1242,2161,1690,3471,2972,
5201,3754,3842,2172,2376,412,13,3576,1685,1128,
5223,3652,832,1058,1448,2203,674,4446,5333,3180,
5225,3415,1335,5917,3384,3630,4378,2757,712,1391,
5233,2939,2636,136,3926,4485,3524,2020,2223,2063,
5236,5236,4585,1038,4687,1552,3926,5107,1835,3651,
5251,6036,4428,5453,329,3737,3038,4472,2476,706,
5254,4485,2567,2731,3806,2793,2559,1224,4079,5516,
5265,5333,832,1303,4510,3769,3380,398,1181,5233,
5267,2824,3651,4210,5413,1058,406,3850,5949,4510,
5273,2351,5015,3453,5163,329,5289,476,3511,1128,
5278,5265,328,2507,2012,5386,5164,3180,3491,2967,
5282,5163,2541,5747,882,2427,5233,713,3032,1737,
5289,929,5762,4933,4779,1665,1676,5044,3031,5153,
5305,3032,2251,302,225,3806,4001,2824,4104,2031,
5322,2507,3410,1273,3118,2165,2507,934,1181,3362,
5333,3816,4750,1850,4384,5767,752,5333,2972,5339,
5339,4670,2501,676,3589,4024,5776,4447,2223,4661,
5345,2670,1151,1466,3026,5153,237,1974,3850,4261,
5352,1074,3804,1676,4371,424,624,685,1871,1974,
5362,1791,5085,4705,3356,3026,3477,3453,4447,2967,
5366,2567,2280,4933,1164,3069,587,753,1945,929,
5371,1391,2779,5077,5522,150,2609,3308,3470,2898,
5378,4418,13,4526,398,349,4414,858,2294,5077,
5386,3513,2041,5759,4446,2050,2636,3693,1812,3874,
5396,3038,392,5153,3056,3735,3185,1132,3920,2012,
5413,2701,4289,1591,442,1812,624,5894,2764,6036,
5419,4888,2561,2223,4363,4490,2507,2507,4779,2506,
5424,2830,1879,5958,2119,3909,289,2472,2264,4374,
5427,1851,509,1701,274,4746,1287,2659,1125,1223,
5432,3389,929,4418,224,4888,3001,5553,4446,2540,
5453,4180,904,2173,3769,610,4977,4512,5000,3415,
5457,3712,5797,424,3735,2807,1328,5333,5014,4521,
5489,244,5042,1328,1940,5223,714,1352,4662,2676,
5496,1690,4887,3380,5107,858,3648,1448,5614,1029,
5504,3705,4705,4617,3651,27,5504,1737,5652,3389,
5508,904,4378,3118,3411,1502,3289,4507,2994,5759,
5516,2643,2810,743,412,1448,3411,5504,4490,2063,
5522,3415,4854,2793,225,577,5042,3735,5547,3118,
5545,5848,1794,3842,424,5838,2020,1196,3001,4315,
5547,1812,587,1224,3693,1181,3850,1196,509,2264,
5551,1448,621,1628,2943,183,3422,5352,1128,2002,
5553,5958,1988,1696,801,2058,3567,5759,4261,2408,
5572,2726,757,3836,4490,3031,4261,1335,1320,3399,
5580,3087,5015,4705,4526,2012,1301,1883,4378,2011,
5600,5172,3389,438,3453,5015,2753,5580,4001,1125,
5607,1676,1500,2020,3308,5015,3749,2507,4001,4490,
5613,1899,476,1058,2793,2691,1004,3925,2670,4384,
5614,5572,5023,2409,1242,181,3308,2978,2786,2967,
5617,729,2753,712,1448,1712,136,5808,5617,2807,
5624,5289,1206,4524,3850,3399,4771,1301,438,2978,
5625,5163,2967,2002,5015,2041,4888,1591,1352,3648,
5631,1707,1758,3453,1812,4933,2507,2939,225,4414,
5647,4815,3230,5504,31,1002,5580,302,2043,3261,
5652,1969,3927,2718,1448,398,110,398,1835,2290,
5657,4006,3453,5278,5136,4118,759,1328,1696,5767,
5670,3121,1259,5077,3904,5008,474,4374,4470,5580,
5671,5838,5747,5553,2592,3940,1552,4977,4118,641,
5676,5172,5677,2595,5333,4490,3356,5142,3905,1181,
5677,3674,5015,914,1366,453,888,1879,1628,1624,
5684,4352,3769,2290,556,1591,1242,2012,3804,2691,
5689,5759,1335,3648,2824,2506,3470,1758,1500,392,
5747,1109,556,1158,4510,3751,3751,1383,3003,4079,
5753,181,4995,3589,3677,5753,4148,3180,2781,1128,
5755,5614,4115,5889,4510,5889,3648,5755,626,5755,
5758,3476,5758,1004,638,2203,5504,3026,5172,1390,
5759,4328,5504,4472,4472,5607,2929,471,2752,1812,
5762,2222,3842,4352,2046,4738,4104,5762,3269,5005,
5766,4418,3751,5143,4026,5142,2580,5769,3359,1655,
5767,5042,2271,3180,3056,1448,2022,4440,2002,3916,
5769,5289,2472,1207,136,1676,3916,2676,893,4609,
5771,5142,3953,3118,4510,2222,3816,5771,1712,1628,
5775,3180,3491,2580,5005,1468,1094,2428,5081,1845,
5776,392,3105,5489,1822,2807,5747,2251,705,910,
5797,783,2299,2892,1482,5614,4977,392,2559,3842,
5808,3816,2254,3923,5188,442,3816,1273,2172,4705,
5813,4180,2883,5035,509,2256,424,777,2016,2636,
5815,398,1628,1128,3032,2753,2901,3359,2670,1696,
5822,3513,1303,6036,3491,4362,3032,3524,509,2251,
5826,5188,752,2929,224,752,1399,3550,3315,1831,
5832,4239,4026,714,1752,4655,748,1181,1883,729,
5838,977,1812,593,1701,3294,2242,2764,509,2264,
5845,6036,1203,2370,5289,1160,4418,4384,5689,3171,
5848,2307,1502,3085,1712,2223,1303,3511,5762,2659,
5854,3389,3491,5545,5289,3032,329,4104,1974,4446,
5875,398,4774,4446,2041,438,1433,893,2290,2978,
5889,5135,5762,5000,4472,5352,338,2561,258,1540,
5893,2873,5042,1207,2164,1244,224,3890,2376,2411,
5894,2656,424,2063,5107,258,904,1301,3589,1181,
5917,783,4447,6036,5922,3874,4024,3087,3905,4261,
5922,2223,4403,5522,1899,424,2883,424,5614,338,
5943,4352,5142,3757,5035,4079,2807,4447,2874,5014,
5949,5652,1758,15,1737,1710,4815,753,1938,1448,
5958,1696,1752,3889,161,4079,4006,2967,424,1851,
5959,2223,509,676,2176,2058,713,1500,372,5223,
5972,274,1151,4313,777,2242,3208,4798,5600,453,
5982,1552,289,5684,1899,425,4791,2084,1224,1899,
6021,4315,114,2254,1181,5020,2173,6021,5020,2501,
6036,1244,2027,1752,5008,5496,3923,5107,3705,258,
