68,1537,39884,55762,40273,7791,6944,16311,5252,27352,68,68,34699,44056,10431,3169,65660,68,4775,2543,81892,40057,5291,39884,82005,70004,39884,37569,82005,49683,27514,
162,2530,81446,27352,65660,54693,25115,32319,34881,36963,3169,10554,54315,42130,71814,13875,61005,162,37835,25910,61005,65660,25115,13613,7299,3519,20973,25915,4740,36963,10431,
201,3296,34901,5339,55588,54104,2530,5339,7591,2363,64406,36840,7591,49668,5784,54058,38693,201,55110,16322,54104,5339,60440,57099,36840,2170,40879,7591,55110,1414,30889,
669,54769,4650,5283,79219,7094,32506,48552,44116,39542,44116,27145,15866,56935,1473,35408,5339,3519,669,48047,1414,34901,2262,1380,82034,75787,23301,27514,62888,669,669,
725,725,725,56738,725,2621,82034,7547,725,52676,3169,2621,54141,27671,65660,725,70791,725,81507,1035,61090,45396,725,40696,3948,6169,7094,7299,7791,29875,10431,
989,40879,15866,23301,989,46077,36963,8927,162,67629,4706,56935,2170,22587,989,989,42371,45396,30863,22686,35408,1473,6709,55588,989,27145,989,989,4759,30889,25490,
1022,1022,49679,49827,49418,4759,5252,25115,61912,3296,3169,32265,4972,1022,1022,59507,46733,2530,46077,82005,30889,44632,46029,46029,4706,16322,1022,14028,2363,63179,34901,
1035,51502,54058,81507,56935,1380,57099,1035,40696,725,3658,38693,1035,51114,61153,64278,1035,14028,1035,27553,1035,63041,29719,1035,55110,23712,42502,21864,3169,54104,46733,
1339,18387,5283,44632,25910,5339,46077,57099,25437,44116,36290,71632,51114,31378,20973,1339,2543,70594,37569,51114,5339,71632,2338,2530,30531,7547,51114,4706,46983,54141,46983,
1380,16311,55061,51502,42065,45407,50216,28652,16742,25490,9243,1380,20973,36290,16311,70594,6944,31047,54104,1473,11235,2543,35278,6709,41327,61791,25853,2086,61912,14028,27352,
1414,82005,30531,16311,48552,37835,1022,54544,54693,27553,4650,32265,39542,42502,32693,46077,53878,54356,2621,51540,1035,25910,34901,63041,11235,67075,70004,57099,55588,69330,2118,
1427,69330,1427,27892,36963,1886,5339,51854,3948,76792,54058,7688,8927,6709,76792,3296,1427,10431,21893,989,4972,44056,7386,1427,44116,51854,37569,1022,51476,3169,51476,
1473,79219,64406,23712,61791,31047,1473,41327,8659,46077,25910,55110,54141,4706,37835,37501,27514,22587,34903,44116,23301,7547,1539,81915,38693,3169,1473,51854,39542,1473,1473,
1537,51114,7547,3169,79219,39542,7791,2262,27553,31378,55149,79219,31378,42371,3948,44116,13613,1537,51502,46077,17630,52639,80337,48047,29875,56738,16322,27664,51502,1537,3169,
1539,52230,1539,62888,70004,21864,62888,16322,1539,62142,44632,41327,31047,67629,4706,1539,25437,30531,6830,1539,42371,2338,54315,55110,56935,162,6632,67629,6632,10554,81446,
1630,44116,25437,74512,2543,57099,76792,34714,52736,7453,62007,11235,59849,48047,57099,3169,3169,59849,1630,64824,63041,5283,10554,2118,81806,61791,1380,27824,36290,7779,76792,
1886,70594,81806,59507,1427,10554,4740,6346,46983,63041,51476,22686,70594,3658,4740,51854,57099,22587,44110,27824,55149,39835,76792,61090,30863,25910,22587,1886,10554,6632,50216,
2086,4706,66329,29875,62888,63041,48552,2086,61912,8008,2086,59849,21864,57099,61912,36840,7779,52230,8713,64278,82034,10429,79219,2086,2262,27892,61791,8008,30531,54104,3948,
2118,10431,62888,59699,6830,28652,25115,2118,42065,51476,54315,54104,31047,201,13875,2118,2543,1473,10431,2118,13613,37835,54104,1427,6709,61153,54058,15866,79219,54104,52639,
2170,55149,24925,4898,4706,42502,51114,69330,10431,21991,54104,2363,5659,51540,55588,4706,7547,2170,56738,25490,62888,53878,44116,75787,59507,2170,81446,2530,4898,2170,31378,
2262,70004,59507,2118,80337,2262,52736,29875,59699,57099,9243,2262,5339,6830,1630,54316,29719,63041,46983,2262,2262,52736,70004,5291,76792,4598,2530,7386,5252,54141,34714,
2338,7547,8713,6169,49668,34881,7072,4759,63179,7386,4775,42130,21864,41702,68,6709,5784,49578,5339,25940,4775,42130,4706,5339,7547,10431,54104,1414,54126,24925,64119,
2363,49646,70004,49668,44116,47400,2363,30531,725,74512,4775,49646,2262,2363,49418,37569,6830,34901,46029,42371,44116,61153,56022,54356,64278,34903,3169,4775,7053,44632,69330,
2398,7299,2530,2262,2398,47400,1339,2398,37501,44116,81507,27514,65090,81507,48047,63041,3948,64278,21864,2398,9243,2398,1537,3948,55061,2398,2834,2398,2398,2398,59500,
2530,34881,79219,1380,62888,81806,5283,56738,42371,64278,44116,56935,36290,54693,2262,54693,39884,6632,4598,2530,4706,7779,7453,2530,2398,8927,57099,2530,54104,1473,7299,
2543,44116,5252,5339,71814,4775,34903,2621,2363,81915,7791,82005,22587,2543,14028,34903,9243,46077,51854,49683,2543,1630,6830,1022,6709,9243,51502,2338,3826,7791,54316,
2569,2543,3169,16497,64489,46983,2569,10431,51540,2398,32265,40696,59500,2569,39542,59507,36290,2569,2086,32265,71814,41702,74361,1380,70594,4650,64824,51540,1473,41702,54104,
2621,3262,5784,46077,2621,53957,3658,3169,5784,40879,6169,34699,2834,44116,63041,2621,2530,82005,64489,32693,60440,51114,30531,63041,2621,36290,2530,74512,2530,41327,2621,
2834,162,32319,42371,2834,44116,54104,2621,8927,35669,30889,4972,4759,10429,70594,61005,36963,37501,49683,2834,54315,2530,11235,1380,30889,1427,43576,48047,61912,7299,41702,
3169,64278,5339,82005,40273,34903,1537,18387,64489,3826,45396,81915,3658,7299,2621,49827,3169,1537,3169,74512,25940,82005,82005,29719,69330,1886,3169,42502,59849,69844,79219,
3262,3519,44632,7688,52736,25853,29875,30889,54356,49721,42371,54104,52639,3262,61153,57099,34903,32265,16311,25490,74512,52230,71632,3262,81806,3169,40057,9243,3262,3262,37569,
3296,61791,64278,46077,2118,1427,71632,82005,7299,7688,2262,10429,3169,53878,40696,7299,25910,58492,4759,54315,44116,44110,54544,4775,21991,58053,3296,669,4706,54544,5339,
3519,34901,42130,40879,7791,2530,27514,7730,24925,44116,40273,49721,65660,10554,44056,54104,5339,1022,27514,29719,34714,44116,74361,2530,55061,2543,54058,76792,3519,64278,25490,
3658,3519,61005,42130,44056,46733,16311,81446,45396,34901,27664,64278,7072,4972,32506,5252,37569,40057,69844,16742,56738,44632,3169,62888,36963,1537,17630,21991,61005,5784,63041,
3826,32319,54356,3826,29719,3826,2398,44116,25437,1539,33107,3826,11235,52676,59849,4650,39542,2262,49418,36290,5283,3826,5291,82005,49679,8659,46077,27664,57099,49683,1380,
3948,1630,8659,11235,79219,54693,4706,5784,3948,54769,3169,3948,39542,34714,42502,25915,81507,64489,10431,6830,29875,3948,3948,44110,27514,21991,2262,7779,1035,63041,17630,
4598,4598,36840,4598,7094,2398,6169,54104,2621,44056,59849,82005,1035,3169,2543,32319,34881,6709,2363,74361,39542,80337,4598,54544,55082,3169,49646,4598,4598,64406,39542,
4650,4650,81985,4650,55110,4650,8713,57099,82005,27664,25490,11235,82034,32693,46983,81892,32319,4598,27664,27514,35669,1035,69330,5291,46077,34901,44056,25853,2543,29875,5339,
4706,45407,59500,1022,5784,67075,162,25915,54104,32506,23712,7547,6169,35669,989,7791,22686,46733,24925,34903,42130,49418,44116,21991,82005,44116,49668,49418,47400,7453,51540,
4740,59699,35669,32265,34881,27352,162,55149,1427,42371,4898,35669,162,65660,37835,16742,56935,2118,22587,16742,74361,989,40879,81806,42065,5339,59699,11235,25115,31047,54104,
4759,3262,18387,68,54544,56738,5339,23712,46983,44116,40879,35669,40273,25910,2834,44056,4598,1630,59699,3169,6169,3169,36840,63041,59507,162,40696,59849,4598,32265,4759,
4775,47400,34903,81985,5465,44632,53878,49683,5291,4775,45407,40273,5465,34901,69844,5784,42065,6944,25915,4775,20973,68,1537,20973,34714,5252,27824,34903,32506,16311,4706,
4898,34903,49668,74470,2530,8713,61090,2569,16311,54104,54104,4898,5283,55082,40879,32265,989,42371,8713,1473,4898,13875,70004,1035,51540,4898,8008,6346,32693,3948,34901,
4972,7094,64119,7072,3826,32265,44632,4972,2170,30531,3948,58492,51854,3826,9243,39884,53878,44632,7299,4598,7779,81985,44056,16322,29875,33107,1022,4972,7386,2569,4972,
5252,44116,44632,5465,40273,14028,8713,7791,51502,11235,4775,7053,5252,32163,52230,44056,5252,70004,49827,6632,62888,1537,57099,49683,7386,74361,63179,21991,25915,45396,34903,
5283,7299,27145,61912,81985,61912,40879,5784,54316,8713,39542,44632,9243,1339,5784,7094,55110,15866,2530,6709,61153,62888,36290,201,27145,51854,55588,2118,44056,37569,5784,
5291,44116,25915,27145,4706,82005,34901,42130,32506,6709,42371,47400,71632,50216,68,30889,11235,46029,35278,2543,57099,24925,49578,54104,5291,46733,59500,5784,7072,46029,45407,
5339,23712,44110,32506,8659,9071,16322,9071,5283,7547,989,34714,71632,59500,5784,56935,53957,6346,2170,5339,3519,54104,57099,6346,4706,54104,82005,42065,40273,71814,56935,
5465,57099,7072,5784,21991,49827,3169,49683,1022,45396,31378,10431,4598,59699,81985,4706,7072,4598,52736,40273,81892,4775,53878,27664,46029,52639,24925,34903,2363,49721,46029,
5659,55588,54104,22587,40273,2834,57099,4972,54104,37835,27892,42371,49948,81985,81985,29875,13875,44632,54693,5659,23712,82005,55082,39884,5784,65090,4775,54769,52736,32319,4898,
5784,7730,71632,54141,3169,8659,30531,44632,10431,4775,5465,40696,49679,74361,54104,49827,68,45407,1414,3169,15866,44056,65660,32319,70004,10431,61153,5784,5339,17630,4706,
6169,43576,63179,54126,36963,21864,6169,42371,27671,36290,61005,54356,50216,49948,79219,59699,40879,59699,70004,20973,67075,2170,4759,8713,6169,32265,6709,16322,54104,3169,59507,
6346,30889,989,29758,27514,56738,4598,1886,51854,9071,22587,22587,57099,7299,4598,6346,1473,36963,37569,21893,2398,51854,6346,30889,6346,62888,46077,39835,54315,6346,44110,
6632,2338,44632,44632,5465,6632,44116,21893,5339,59507,81892,39884,25437,54058,7386,2621,44632,2118,27352,25910,55588,49948,20973,38792,2621,49646,82005,49679,2363,16497,81985,
6709,4598,6709,1427,63179,21991,54356,6709,25115,25910,27352,65090,2621,1473,10554,16742,4898,2569,68963,79219,25115,25915,41327,50216,54316,44116,63179,22587,10429,14028,5339,
6830,34901,40879,2834,6830,3169,5339,44116,22686,52230,2530,37569,6830,51854,22587,22686,49646,51114,44110,59699,7094,76792,30531,989,40273,6830,3169,6830,6830,4740,36963,
6944,52639,71814,70004,6169,46077,25940,27892,81985,82005,49683,49679,54126,6944,40696,81915,41702,3169,49679,1035,44632,4598,25915,54058,16311,37835,3169,44632,15866,6944,23301,
7053,44116,4706,32265,46983,7053,35669,74361,82034,32319,44110,10431,30863,64278,4598,55061,20973,6632,5339,25915,7053,30889,62142,30889,7591,3169,16311,27145,4759,27892,61912,
7072,64119,49679,49668,7547,44116,3296,42502,49683,53957,45407,49679,2363,4598,39835,5291,41327,5291,48552,44116,27664,6830,70004,25940,44632,69844,49646,6632,47400,3169,44116,
7094,3169,5784,34901,13875,3658,58053,9243,57099,2262,669,57099,34901,2543,6944,6944,21991,33107,64119,79219,54316,25490,7094,6830,35408,74512,32506,21991,5339,63041,63179,
7299,46077,2262,7299,54315,7299,42065,2118,70594,50216,8659,25910,7386,2543,32693,7688,31047,22587,6632,69330,37835,75787,59699,2834,48047,16742,25115,22686,75787,36963,2834,
7386,55588,6169,49683,44116,59699,5339,1035,44116,669,7386,54104,82005,34903,1022,27824,44116,725,3658,9071,46077,6830,31378,7386,59699,49683,70791,74512,74361,27352,71632,
7453,6632,2262,34881,42065,65660,48047,2530,7453,59699,37501,52676,1473,7299,52676,2170,59849,29719,10429,6830,59507,27145,4598,42065,30889,6632,54104,13875,20973,162,5339,
7547,80337,47400,60440,81985,68963,27145,4706,45407,60440,7547,39542,8659,44632,44632,63179,53878,63041,1537,3948,7386,49646,1022,5465,7094,54104,34901,40057,44632,3169,30531,
7591,725,49668,26693,66329,7299,37835,27553,40879,48552,36290,48552,14028,56935,2170,65090,25910,59507,42502,54356,16322,64824,79219,4650,82005,7453,74470,64406,58053,74512,82005,
7688,25910,32319,31047,27671,25115,54544,81806,4972,37501,2118,40273,44110,36963,46077,1427,51854,2530,35278,32319,27352,65660,4759,40879,7688,68,58492,19089,81806,35669,37835,
7730,55110,34901,60440,54356,45396,46029,1630,62142,59699,82005,39884,58492,7730,82005,49668,7730,54058,4972,34901,67971,1630,27514,25915,68,201,34901,3169,74361,79219,52676,
7779,1537,81892,35669,53957,38792,20973,7779,21864,54141,21991,74512,21991,39542,7779,4650,2834,82005,64278,48552,61005,63179,6830,48552,6709,45396,44056,3169,7779,59849,3169,
7791,34903,27824,82034,71632,44632,51502,7730,46983,56935,725,20973,58053,1035,35278,67971,81985,54104,54693,4706,7791,57099,52639,2363,3169,10429,27553,9243,16497,13613,10431,
8008,201,43576,5659,27145,57099,2621,20973,59849,8008,40273,7053,10431,3169,5465,29758,61090,8008,2398,1473,52230,57099,5283,27664,54058,2118,26693,54315,67971,7299,55061,
8659,3948,14028,54315,6169,2530,39884,52639,36840,8659,1630,37835,5283,69330,64406,8659,25915,49646,10554,42502,32319,4898,7299,8659,6944,64406,16742,3296,16497,32506,79219,
8713,46077,4706,4759,5339,25910,14028,1630,43576,1035,2834,55762,7591,57099,3169,51114,57099,8008,74361,5339,81985,71632,3169,42502,7094,7299,30863,10431,49418,64489,5339,
8927,70594,6169,7386,63041,27145,35408,17630,68,61005,1414,22587,7299,31378,6944,42371,5339,7299,54356,27145,69844,17630,25115,44116,74470,6346,1380,49668,54316,4706,2118,
9071,57099,16322,49948,989,66329,48047,31378,49668,2543,3262,1886,9071,49683,18387,19089,25115,27514,20973,9071,16322,17630,64824,62888,2834,14028,69330,20973,14028,81985,5283,
9243,7779,7791,9243,1537,34699,43576,2398,71814,7791,49827,17630,53878,55110,2398,17630,39884,1035,725,27892,1380,38792,57099,1380,49668,9243,81446,4898,11235,64278,3262,
10429,2543,81892,54316,33107,2338,44056,1630,40879,4898,76792,2530,2621,64824,3169,6346,37569,82005,55149,30863,67629,61090,63179,37569,31047,54104,5283,2834,44116,44116,10429,
10431,64278,41702,5283,5252,49721,42502,70004,44632,4775,44632,2398,25915,201,39835,5291,5339,7072,54769,49679,27145,5291,51502,55149,4759,5291,25437,7386,1022,81892,58053,
10554,5291,51476,44116,7386,27352,44632,37835,37569,6830,20973,39835,57099,6830,27824,2118,1886,57099,82005,49668,40273,7688,4740,56935,10554,57099,201,2086,10554,62888,13875,
11235,64119,1035,11235,10431,3169,32265,2621,4759,7688,5784,64278,7779,8659,46077,54356,3262,44056,8927,2363,2363,11235,3169,5291,5283,7688,10429,7591,34699,57099,67075,
13613,3169,81446,3169,70004,59507,54315,21991,81915,30889,7688,81915,81985,81915,55762,57099,6944,9071,42065,57099,13875,3169,669,54058,70004,54104,7730,40879,36963,1630,7591,
13875,10431,2543,35278,54315,34881,2398,32163,6632,25115,81806,5659,23301,13875,56935,32265,31047,34881,65660,34901,2543,56022,16497,2530,1427,61090,61912,13875,13875,51540,27352,
14028,34881,56738,39542,57099,41327,74361,51476,50216,6169,18387,34881,2543,14028,14028,29875,44116,5339,2530,42502,8927,63041,7299,2398,81507,17630,33107,41327,74512,44056,42502,
15866,61912,15866,41702,27664,66329,2338,30889,55082,49721,1537,37569,46077,7299,7453,53957,989,37501,41327,27664,6944,82005,62007,34903,74361,7386,3169,80337,49683,7453,34903,
16311,16742,53878,40057,61005,10431,13613,27824,49683,3948,10431,32506,16311,3169,1414,6709,71814,16311,16311,2338,44056,10431,25490,2543,52639,49578,21864,49721,36290,1473,63041,
16322,49721,34901,70004,57099,32163,5339,61090,16311,30889,5252,27664,43576,51114,16322,5283,16322,38693,16322,54126,18387,61005,35278,24925,5339,1473,5339,16322,7386,16322,71814,
16497,59507,25910,61153,9243,201,5659,59507,31378,6346,63179,31378,34714,30531,64278,17630,16497,39835,61090,2530,59507,44110,54356,30863,2338,52676,31378,40273,55588,17630,82005,
16742,42130,1380,4972,25910,64278,34881,16742,16742,51854,57099,27671,34903,42502,45407,54356,36840,57099,16742,51854,30531,64489,16742,44056,16742,54315,25490,1380,74361,63041,36840,
17630,44056,6346,52230,35669,82005,74361,17630,68,29875,56935,64278,58053,32265,54693,57099,17630,69330,62007,40273,54104,54693,54356,61090,7094,44116,4598,42502,3948,82005,63179,
18387,18387,39884,18387,25115,18387,57099,34903,44056,18387,16742,41327,201,18387,18387,37569,17630,18387,63179,3948,82005,17630,55082,10431,16322,54126,201,6830,18387,18387,18387,
19089,54356,51854,7547,43576,37835,5252,19089,32319,54104,25115,62888,49721,32506,82005,7688,24925,81915,40273,27145,59699,54104,28652,62888,68,51476,25940,25490,5339,989,37835,
20973,1427,41327,15866,22686,59507,79219,6169,34901,67075,82005,76792,16311,80337,42130,64278,45407,5339,61005,27664,44110,6632,7779,4775,35408,4598,42130,32506,27664,1022,64489,
21864,3169,54356,56935,5339,54356,21864,5339,21864,34901,10431,21991,30531,51502,35669,3658,4598,2086,51502,8659,3169,10431,2262,21991,27145,49683,48552,2262,25437,21991,51502,
21893,54544,51540,21893,16497,25490,65660,44056,55110,57099,81915,27553,51502,3169,51540,64119,26693,51540,32319,63179,70004,2530,7779,7453,1886,54141,26693,6169,11235,16497,63179,
21991,44632,54104,61791,42502,27664,37569,54104,1539,1022,27145,46029,11235,7779,56738,1427,4598,9243,57099,7386,56738,34881,3169,34881,25437,61791,55082,51114,13875,3169,54104,
22587,40879,6346,67075,68,54356,39835,1427,30889,59699,44110,30531,59507,59699,44116,22587,30863,37569,4706,42502,13875,71632,2543,55588,2530,64824,4759,2621,201,8927,54356,
22686,22686,28652,70004,5339,2118,27671,22686,36963,1414,7688,31047,10554,67075,1537,64278,2118,46733,54315,5659,3169,8927,49679,4598,22686,36963,36963,6709,27664,42130,2262,
23301,23301,54544,2834,725,23301,1473,1539,65090,39884,44116,51540,43576,22686,989,19089,20973,5283,42130,23301,35278,23301,5291,34903,39542,7453,37835,989,162,65090,63179,
23712,55110,7094,23712,54544,81892,23712,18387,35669,51854,669,1537,70594,49721,55588,59507,49578,68,48047,70791,2543,63179,68,74361,71814,2530,54544,44632,18387,41702,4759,
24925,57099,70594,46733,46733,54126,14028,53957,81985,2543,24925,25940,5784,10431,81985,6632,4706,82005,55110,4706,34714,5465,57099,81985,4775,25940,46029,49683,4775,49679,44632,
25115,1414,17630,42130,6346,32265,61153,13875,22686,34714,1022,1473,5339,3262,27352,54104,2569,4740,22587,34901,6709,59699,25490,52736,64406,59500,51854,25490,8659,46029,3519,
25437,7791,82005,27514,64278,49948,2262,5339,44116,49721,1473,2262,1035,82005,81985,2363,3169,51540,55110,44632,29875,725,63179,25437,80337,65090,5659,25437,54316,25437,25437,
25490,2338,669,1022,11235,80337,52676,25490,63041,27553,70594,3948,64119,54104,2262,42065,1022,3169,54693,40273,15866,74361,30531,2363,3169,16311,27553,1380,54141,6346,7299,
25853,35669,6632,32265,36963,6169,30889,43576,14028,51540,7299,32319,51854,59699,2834,59507,35669,13613,6830,57099,52676,42371,25115,25853,2530,989,1473,23301,34881,30863,25853,
25910,1339,61005,59699,11235,74470,2530,6632,5291,45396,51854,25910,5784,25910,38693,61153,36963,6169,27671,33107,27352,8713,34901,39835,6632,49668,55061,21893,51476,61005,55061,
25915,81915,27145,4706,27664,58053,49668,25915,54104,81915,54126,8008,49646,37835,34903,54769,57099,42502,22587,10431,5339,27145,24925,74361,70004,61153,25490,5339,7094,54104,44056,
25940,25940,46029,54126,21991,25940,80337,21991,34903,7386,2569,45407,74361,49578,54104,23712,80337,40057,25940,4706,46029,2262,6944,5339,46029,52676,81985,49668,24925,29758,1022,
26693,2398,8927,3169,67629,22587,6169,79219,8927,26693,30531,30531,26693,43576,74361,3169,7547,30889,54104,61090,10431,3826,5339,31378,52676,25915,35278,2530,22587,32163,39542,
27145,2262,4706,51476,43576,68,5339,23301,54058,43576,2834,1339,35669,23301,35278,74512,201,5465,49679,27145,55082,44116,81985,35278,10431,81892,75787,21991,32693,54544,20973,
27352,27824,7453,6709,30889,162,20973,54356,7688,64406,32163,7688,35669,7688,46029,30531,11235,34881,36963,37835,31047,5339,37569,2118,16497,3519,8927,10554,35669,4898,3169,
27514,23301,52639,1473,23301,25115,3519,27892,30531,42502,55762,76792,55762,45396,25490,1537,70791,27514,3296,35408,27514,1022,31378,23301,82005,989,5339,66329,52639,59500,7094,
27553,64119,2569,3169,38693,70791,58053,55588,27892,67971,2363,63041,61912,64489,25490,65090,37569,54126,22587,4972,21864,64119,2262,67971,81985,79219,4598,55110,3826,10431,9243,
27664,41327,44632,27664,3169,81892,57099,55061,81915,44116,47400,81915,70004,45396,27664,33107,5465,32693,29875,2363,7547,5784,44632,2338,46029,45396,3169,49668,82005,71632,49418,
27671,27671,5339,8927,43576,64278,7547,55149,5339,64119,2834,1537,27671,201,5339,7386,41327,5784,3169,23712,27671,725,29719,27671,27671,27664,4898,61912,61005,54356,29875,
27824,7688,51540,49668,8659,5291,2834,27824,55110,7791,55110,10554,54544,35408,1022,48047,40057,24925,40273,1035,68963,38693,7453,46983,76792,7299,16311,49646,40273,4740,43576,
27892,5784,54141,30531,27892,49827,27892,70791,37835,9243,33107,44056,70791,44056,40696,2543,2621,64278,54356,81446,37569,1022,46983,7094,21864,7547,27553,7053,8659,30531,40273,
28652,40273,2543,38792,7094,3169,2086,41327,9243,1886,28652,13613,6169,30863,56022,28652,25115,3169,70004,74361,65660,82005,28652,40696,3169,11235,13613,36290,22686,3169,23301,
29719,3169,29719,30889,44056,82005,55082,51476,10431,36840,81985,56935,29719,29719,17630,44056,32265,52676,61090,40696,7779,29719,1630,669,2398,29875,75787,70594,8659,18387,3262,
29758,49679,3658,25940,1022,49578,27824,56022,69844,989,43576,29758,54058,2118,54126,17630,58053,3262,81892,40696,29758,49668,21991,10431,4706,2543,29758,45396,29758,29875,25490,
29875,18387,52230,14028,65090,61090,8713,44116,76792,13613,4598,6346,57099,49679,79219,5784,29719,54769,42130,51476,54104,82005,36840,82005,4598,4650,10429,4775,49578,29875,7791,
30531,30531,30531,2530,46983,81985,2262,46733,2118,2363,62007,70004,67971,19089,49683,63041,21864,46029,34881,57099,71814,49418,3169,54544,1630,61153,59699,5339,4972,57099,63179,
30863,81915,59699,6830,13613,30863,1537,54141,63179,44632,2621,11235,3169,52736,82005,22587,2621,56935,52676,30863,30863,2834,6830,2118,30863,59507,4598,25437,6830,55110,63179,
30889,35408,55061,66525,54141,30889,54356,55061,44110,4706,30889,60440,52639,8927,82005,32319,45396,29875,76792,32163,2338,8008,51476,62888,30889,54104,63041,2530,52639,55082,55149,
31047,30863,52736,9243,27352,4740,82034,3296,57099,43576,39835,989,27352,40696,7386,64824,71814,30531,34901,54316,6830,59507,3296,2530,7094,7299,76792,48047,2086,55082,2530,
31378,21864,63179,60440,44116,54104,62888,52736,22686,49683,31378,31378,59849,7386,31378,81985,31378,1537,1537,18387,44116,29758,29875,40273,55082,59849,4759,27514,62888,49646,36290,
32163,65090,32265,16497,62007,1537,41702,69844,37569,1537,25490,44116,81446,2543,14028,81507,9243,10431,79219,4898,7386,6709,55762,1473,1380,16322,7791,7453,44632,32163,54104,
32265,82005,1414,1539,6944,64406,55061,46077,1380,81985,29875,6944,1630,27553,15866,44116,62142,3262,1414,11235,57099,64119,32319,10431,48552,44056,7779,61791,63179,52230,50216,
32319,32319,54356,54544,669,52230,48047,24925,55110,32319,26693,55110,2363,26693,32319,66329,6346,66329,51854,45407,10431,32319,55082,40273,42502,10431,2621,2398,54104,30531,8713,
32506,40273,46029,40273,25915,34903,34903,5291,54104,7072,68,32693,4706,70594,32506,46733,56022,25915,27664,7072,34903,25940,34901,40273,81892,49418,49679,42130,42130,22587,42130,
32693,71632,70004,81985,79219,56935,70594,5339,42065,53957,81915,27664,54104,4898,81892,49683,2543,27664,57099,70004,57099,41327,25437,70004,70004,42371,49418,6944,81915,1380,44056,
33107,40273,7386,3169,52230,40273,669,33107,1035,57099,33107,30531,59849,81446,10431,55061,5784,3169,82005,33107,49827,81892,4706,82005,669,5784,49827,54141,69330,2543,20973,
34699,34699,45396,34699,16311,58492,42502,6169,3169,62142,5784,31047,3826,34699,49721,79219,59500,42130,54693,34699,51114,34699,8927,49679,10431,57099,2543,3169,49646,34699,3169,
34714,57099,81507,34714,36290,34903,36290,2569,3169,34901,64824,34714,41327,1537,3169,74512,81915,3169,57099,34903,81985,34714,39884,32319,2262,1537,6169,64824,64119,29875,54126,
34881,34881,81806,5291,25910,989,25853,2118,22587,44116,44632,2530,69844,162,5291,70594,26693,34881,57099,7453,34881,54693,2086,3658,5784,4898,81985,25490,61005,65660,5659,
34901,2834,1473,67075,6830,49578,30889,54356,61791,70791,37569,51502,81507,5784,1473,4706,61153,34903,7386,7072,42371,34881,34901,25853,31378,56022,13875,34901,34901,57099,59699,
34903,68963,5291,16311,3169,8659,10431,46029,29875,25915,29758,34903,51476,1630,5339,24925,18387,23712,54126,62142,46029,29758,7299,25915,40273,16742,54769,4972,81806,49418,37569,
35278,7299,201,42502,35278,1380,35278,7688,64278,32319,49827,42065,989,27145,1473,4706,37835,8008,56738,44110,54356,30863,9243,4706,27145,54544,8927,27824,56738,20973,20973,
35408,7779,44110,70594,76792,59849,49668,35278,10554,35408,36840,16497,51854,61005,70594,56935,989,64278,21864,81507,34881,7094,63179,49721,989,37569,56738,51114,35278,44632,34901,
35669,66329,75787,59507,44056,5659,23301,38693,75787,7591,8927,2398,54315,23712,36290,51854,2621,37501,5784,5252,2398,6632,5252,25437,3519,201,49948,38792,64119,79219,29719,
36290,55082,3169,5283,27145,6944,9243,1537,34901,74361,30531,46029,40696,71814,4706,1537,74361,7386,36290,23301,62888,11235,36290,7591,7453,64489,62142,62142,57099,40696,2398,
36840,59849,6632,59507,61153,57099,201,46077,9071,1414,36840,36840,54544,62142,7072,74470,60440,25115,36840,67629,23712,40879,36840,56738,5659,36840,30531,70004,201,62007,201,
36963,48047,44116,57099,1380,989,22686,6830,59699,55149,2086,59507,25115,36963,59699,4759,56935,55149,36963,2530,10554,50216,35669,57099,19089,56935,7299,59699,6830,2530,65660,
37501,76792,16497,59699,64119,37501,17630,1473,54544,54104,18387,34699,5339,76792,54104,35278,32506,4598,54356,54104,76792,64278,79219,64119,49683,25437,5339,25910,37501,18387,30889,
37569,44116,61912,37569,37569,19089,61791,31378,29875,54356,31378,56738,54356,34901,39884,7453,51476,61090,6830,27671,5465,17630,62888,29875,1414,57099,5339,18387,44116,3262,29875,
37835,32265,34881,8927,34881,7053,989,55588,61153,2118,59849,27824,15866,1035,1539,4759,25115,15866,989,25915,19089,50216,34881,6709,6709,5291,35408,22686,1380,44110,6169,
38693,6632,4706,38693,56935,30531,38693,38693,9071,10554,54104,41327,5339,6709,16322,38693,67075,55588,49683,30531,27145,38693,59849,51540,27352,74470,25915,5339,16742,48047,21991,
38792,7094,10431,7299,68,54058,54356,9243,2530,40273,61005,59507,64278,61912,38792,29719,35278,37501,40273,8008,7386,54316,21864,54356,34699,162,34901,31047,8713,6830,54315,
39542,1380,57099,57099,52639,39542,34714,5283,39542,39542,1380,7791,55762,52736,10431,44056,44056,39542,7779,28652,39542,52639,52736,9243,52736,52639,64489,74470,67629,989,39542,
39835,1630,20973,13613,49827,6632,46077,81985,49721,40879,56738,54316,44116,6346,44116,3948,39542,50216,27824,5291,10554,25115,7299,37569,81806,35408,51114,39835,49827,55149,3262,
39884,34714,36290,7094,54693,54126,57099,36290,30531,59849,46983,27824,8927,7053,39884,34903,70594,4972,32265,29875,57099,82005,40879,25915,7779,669,81446,82005,7072,25437,21991,
40057,44632,27664,44116,51114,46029,5291,4775,24925,25940,81446,49418,19089,44116,3169,49683,53957,27664,5465,5784,54104,32506,53878,40057,34903,8659,46029,68,29758,3169,47400,
40273,8713,32506,7386,25940,40273,4706,24925,5784,7386,3169,49668,70594,49721,5291,49679,25915,69330,10431,7386,5465,25910,44110,1022,2621,3169,46733,2338,10431,7053,3169,
40696,7053,40273,5283,10431,55110,63041,44056,44056,48552,49646,1022,9243,70004,46077,25940,81892,54356,62888,27553,5283,27514,34714,7791,14028,57099,44116,19089,27664,32319,46077,
40879,48047,38792,25437,57099,54544,9071,6709,2530,7591,28652,1630,20973,6830,1427,22686,40879,36840,10554,5339,16742,2834,20973,44116,37569,68,7591,2834,61912,36840,50216,
41327,29875,5339,27664,41327,35669,6944,4650,6709,6709,16497,14028,7730,81507,6944,4598,30889,40696,54693,725,49721,29719,4706,2262,11235,7453,15866,62007,8659,66329,2262,
41702,64119,1380,29875,5339,7299,44632,82005,6169,3169,81985,23301,49827,46983,2543,31378,54316,49683,81892,34714,30531,49721,5465,81985,69844,7386,59500,1380,58492,9071,32319,
42065,54316,81446,76792,81892,35278,42065,69330,59500,6709,62888,82005,63179,1339,34903,67075,42065,70594,5283,40879,44116,8659,7386,23301,52736,1886,76792,34901,3296,21991,4898,
42130,42502,81892,2338,49683,68,6944,27664,46029,51114,61005,27824,3169,16311,82005,49668,1630,4706,5291,40273,82005,80337,29719,63041,81985,27664,44116,25915,57099,19089,13875,
42371,54104,34699,58053,25915,55588,21991,67971,11235,51854,3296,3519,56738,27145,42371,64278,42130,29758,35408,54693,3262,4650,27824,8008,53878,3169,7688,7094,45396,20973,32265,
42502,71632,27553,53957,81446,4775,3169,39835,36290,64278,79219,32506,81915,46029,27824,81507,64278,5784,54104,82005,70004,59507,64278,46029,54356,49646,64489,32693,62142,44110,17630,
43576,2530,56738,21991,32693,989,1427,44056,36963,81507,1473,59507,62888,43576,37569,44116,6169,82005,34901,4898,39542,63179,7053,3296,989,42065,25115,10554,27824,59849,52639,
44056,7791,24925,3948,2262,82005,52230,44056,61791,61791,19089,70594,10431,3169,71814,16322,41327,27892,30863,10431,8008,45396,54356,7053,10431,27514,27671,64278,29719,8713,59507,
44110,9243,32319,44110,3296,70004,13613,40273,44110,44110,5339,39835,56738,16742,51114,3169,42502,66329,2543,38792,42371,82005,54141,56738,51114,68,32319,8659,30863,25853,58053,
44116,6830,1427,54356,201,68,49827,41702,18387,19089,25910,25910,54316,36963,14028,34903,3658,32265,6169,5339,25910,44056,25490,4706,55082,17630,54693,54769,29719,6346,74470,
44632,82005,54316,49679,63179,30889,3169,22587,5784,44116,6944,3169,49668,54544,67629,47400,46029,40273,10431,46983,5283,52676,19089,3169,4598,49646,49668,54769,25915,49668,44632,
45396,1022,2621,70004,6944,81915,51502,16311,57099,82005,34881,49679,27664,6169,34714,51502,9071,4598,1339,3169,29758,54104,3948,45396,81985,53957,41702,37569,49679,81985,27664,
45407,49646,5252,26693,49827,5339,5339,49418,81915,13875,16742,4706,44632,10431,81985,46733,24925,4775,5291,6944,25940,22587,34903,32506,45407,4706,74512,5339,30531,6346,5339,
46029,54769,44632,5784,49646,49721,2543,54126,27664,49721,5465,55762,52736,31378,25915,7072,3169,2363,49827,5291,24925,19089,49827,51540,29758,37569,70004,44116,25115,51114,989,
46077,54315,25115,1537,3169,41327,81915,39835,57099,22686,82005,6830,30889,29719,51114,4775,46077,66329,64824,4759,32265,68,25910,9243,989,4972,81806,27514,46077,1427,3169,
46733,34714,3169,49668,6632,4775,81985,82005,4598,67075,44632,54104,2363,5465,40273,49578,4706,47400,5465,27664,36963,10431,27664,81892,27664,46733,41702,53878,1473,8659,2543,
46983,7053,17630,57099,5465,4598,82005,9243,44116,21864,989,64406,54769,55082,1630,44056,49679,54104,25437,21991,49827,52736,46983,54356,1886,2530,7053,41327,46029,26693,64278,
47400,49646,32506,57099,49827,44632,46733,1473,24925,27664,44116,54104,4706,41702,16311,5291,81985,5291,4706,56022,25915,20973,49827,19089,7386,3169,25915,70004,46733,40273,5465,
48047,2363,2398,1630,8659,7299,1537,66329,2569,5339,26693,40879,17630,36290,64824,58053,7094,76792,32319,5339,60440,7591,52639,61791,55082,26693,30531,30531,2398,34901,7453,
48552,27664,55762,70594,7779,54104,46029,1035,2170,48552,3169,48552,25490,4598,2569,51502,82005,17630,28652,64278,29719,44116,14028,35408,5339,48552,27664,32693,44632,55082,59849,
49418,24925,71814,54104,7386,46733,4972,48552,16311,42502,81985,44632,82034,16322,49646,3169,45407,25437,40057,2338,40057,49646,4706,57099,6632,7072,81985,44632,25437,34714,20973,
49578,32506,49683,5339,7547,34903,2338,5252,49827,5252,62007,40057,40273,2543,5291,49668,3658,5339,49578,59500,56935,7386,68,49683,49827,5784,30531,6944,4706,54356,8659,
49646,45407,81892,44632,3169,49721,49668,54104,55762,2621,51114,49721,44632,40273,3948,54126,5291,23712,53878,5784,10431,10431,5291,40057,49679,29719,5784,46733,40273,82005,40057,
49668,4650,64278,1630,57099,2363,49668,13613,51114,51114,82034,37501,57099,7386,27664,39884,2621,65090,30531,49827,5784,5291,44116,68,45407,49679,49668,11235,9071,21991,4775,
49679,16311,7094,5784,52230,46733,20973,21991,7053,34903,34699,23712,1022,47400,81892,81915,46733,54104,8659,5784,6709,25915,81985,79219,10431,68,2262,49679,82005,5252,49418,
49683,42130,35408,80337,81915,5784,49646,44116,5465,42371,8659,5252,49668,49683,54126,46983,1022,42130,34903,81985,44632,49827,44116,25940,54316,44116,49668,49668,5339,79219,9071,
49721,1537,49578,49668,31378,64278,27664,4598,25915,3169,54058,5283,82005,2363,61090,6944,5339,49683,4706,29875,69844,44632,25915,8659,4775,49418,49721,49683,57099,54104,54356,
49827,47400,49827,49578,25940,82005,1022,82005,5291,27145,21991,68,5784,3169,70004,5465,49827,2621,2086,16322,4706,7053,7094,48552,2834,62888,7094,5291,10431,57099,10431,
49948,44056,7688,54693,25910,5291,62007,27664,44632,64278,5784,49948,27145,5784,53957,46733,31047,37569,56022,49668,35278,24925,5339,27145,70791,4706,31378,29758,27145,46733,49948,
50216,46077,8713,989,36963,19089,725,64119,34881,39835,1414,4898,7688,8713,42130,54104,61912,6830,39884,4740,46077,56935,75787,71632,51854,162,7791,7299,4706,50216,40879,
51114,61912,31378,81985,70004,63041,32693,49679,5465,1886,54356,27824,5339,44116,64119,27145,5465,36290,2086,54058,70004,52230,39884,62142,57099,5252,10554,62007,2086,6944,35669,
51476,30531,34714,55110,1886,51502,51476,67075,42371,42371,61153,30863,162,51476,11235,51476,8927,27352,69844,6632,1886,31047,69844,51476,75787,989,79219,40879,2569,1473,1886,
51502,79219,6830,36290,4598,43576,51502,32265,3169,79219,40879,32163,49721,63179,51502,74512,51502,54316,31378,81446,51502,70004,64278,3169,51502,8659,3948,52676,3169,51502,51502,
51540,62888,65090,32265,7453,1414,34901,21893,1414,32319,30531,55149,36963,25437,2398,51854,74470,44116,7591,64824,51540,65090,7053,44116,25853,34901,6346,2530,5659,32319,11235,
51854,8659,51854,4706,16742,28652,61090,6346,27145,52736,56935,44116,27824,51854,25853,46077,59507,989,989,46077,4898,62007,61791,27824,63179,23301,30531,56738,19089,4898,4740,
52230,21991,52639,52230,76792,4598,4898,43576,80337,52230,1473,51854,64278,1473,7053,21991,44056,34901,34901,32506,21893,16322,63041,40696,32163,52230,59849,4598,11235,32693,81985,
52639,201,43576,21991,52639,7688,46077,5339,34901,20973,55149,33107,52639,47400,3169,21893,25910,17630,2363,3296,25115,82005,14028,49668,6169,59507,71632,58053,54104,55061,7299,
52676,5291,29719,24925,52676,25490,4598,39884,9071,48047,52676,4598,52676,10431,32265,52676,63041,44632,2543,25915,48552,21991,64119,5339,6709,5283,63041,43576,16322,3169,28652,
52736,48552,5659,1539,33107,52736,34881,62888,52639,21893,61153,1537,54356,63041,59500,53878,69844,33107,40273,6830,2621,39884,52736,69330,57099,1539,3658,69330,82034,26693,64278,
53878,6709,34903,7547,5784,36290,61791,24925,37569,34699,81892,61791,55110,51476,33107,53878,63179,20973,4775,3169,53957,4759,47400,44632,42502,21893,71814,3169,46733,82005,21864,
53957,52230,19089,70004,82005,29758,57099,82005,41702,49578,5465,3169,81446,81915,54104,24925,69844,81446,20973,34903,82005,54104,4598,51114,41327,3169,5339,53957,16311,49578,3169,
54058,2530,2569,42502,82034,75787,28652,21864,49948,54058,42130,24925,57099,54356,27824,1035,42130,82005,81446,2338,46029,44632,11235,7053,27664,40273,82005,6709,49418,44632,5252,
54104,55110,3169,4598,9071,68,46983,81915,56738,3169,38693,60440,44056,2621,44632,59849,4972,989,49827,34901,2530,67971,8927,51540,34714,51540,51540,53957,1022,69330,49418,
54126,29758,61153,46029,2543,44632,5339,7299,55110,3169,34903,49827,49668,7791,49827,82005,4775,54769,44632,25915,57099,70004,49679,70004,3169,82005,4598,4598,7072,46029,54104,
54141,3658,55110,3169,7094,49418,49827,4759,3169,54104,74361,54693,2262,59500,4650,2262,61791,81806,60440,40273,39884,725,61153,27145,16742,57099,61791,4598,2621,1537,59507,
54315,22686,22587,4598,54104,40273,1427,38792,51854,81806,42371,5659,10554,59699,55149,43576,5291,4740,1414,1427,3296,25115,54356,27514,35669,36963,38792,42065,59507,37835,51502,
54316,19089,2543,2621,39835,60440,5339,57099,64824,55061,40273,5339,7299,54769,42371,39542,6944,50216,54315,6632,4775,54316,2543,20973,46029,6830,1886,54316,76792,30863,54316,
54356,51854,40273,36963,22686,59699,64119,70594,81806,54356,81915,65660,54104,14028,29758,27352,7591,54356,34881,79219,37569,34901,162,55061,54356,37569,7591,54769,58053,4740,61005,
54544,54544,2543,82005,59849,74470,54544,54544,81507,2398,57099,27514,50216,4898,11235,67629,67075,51114,59849,43576,57099,35669,21991,37835,37501,51540,5291,54544,22686,25910,54356,
54693,66329,34901,54693,44116,5465,1473,79219,41327,34699,5784,55061,30889,7547,64119,44056,37569,8659,54693,32163,55149,2262,51540,44116,40696,75787,54693,4598,32319,74512,8659,
54769,21991,4775,16322,1035,6709,34699,24925,5784,8713,5784,1035,2543,34901,6169,3519,54769,47400,38693,13613,44632,42065,54104,23301,44632,34903,10431,5252,54104,79219,49418,
55061,82005,76792,81985,64489,34901,54141,44116,81892,74470,62007,64119,201,81985,25910,35278,7453,7094,46077,5659,42130,65660,67971,39835,24925,18387,44632,44632,25115,54356,6709,
55082,69844,43576,55082,67629,29719,27145,1035,49683,82005,5659,56022,45396,6830,32693,37569,25853,1630,82005,74361,56022,38693,54141,56022,67629,11235,81985,44116,62142,3658,40879,
55110,27145,3519,55061,55110,7386,2086,30863,49679,54356,30889,55110,37835,45396,26693,2363,30531,27664,42502,69330,989,7094,3296,30889,45396,63041,16311,47400,54104,53878,31047,
55149,7299,2834,54544,2530,54104,59699,2530,52639,34901,10429,54356,2338,55110,25910,44116,36290,81507,31047,3658,63179,25915,20973,54058,54315,63179,25915,4740,42502,21991,3169,
55588,3169,69330,51502,3169,81806,61090,49668,6709,42065,19089,7072,725,7779,49827,22587,54356,33107,54315,49948,2118,7688,5659,57099,34901,76792,39884,17630,10431,10554,5283,
55762,55762,16322,24925,2398,4898,1339,54356,49668,6346,5291,44632,49668,7094,34714,30531,7547,81915,55762,24925,52639,7779,3262,64119,44632,27824,30863,8713,35408,68,29875,
56022,82005,27145,54126,32506,44116,2262,51114,54769,2338,55061,57099,81446,55110,29758,32693,41702,49827,49418,54126,56022,3169,13613,56022,6944,29875,3169,6944,81985,25437,49646,
56738,61912,81806,56738,54315,1473,20973,8927,54104,35278,16311,54315,8927,55762,54544,40696,7094,52230,5339,1630,56935,40273,55149,39835,70004,7730,23301,1630,29758,43576,4598,
56935,64278,41702,42371,46983,7453,82005,7547,10431,5339,1537,58492,56935,7791,40696,56935,35408,76792,27553,13875,34714,56935,56935,55061,49679,40696,81507,56935,3169,54769,1630,
57099,1035,36963,38693,42502,62888,74470,16322,74361,3169,82005,6944,24925,27145,54058,74470,2530,30889,57099,55082,34881,70004,74512,70004,16311,38693,7730,27892,74361,57099,51476,
58053,35408,6632,58053,29719,1473,34901,4706,48047,5659,57099,5784,7094,6709,2338,3169,11235,33107,55588,23712,1537,5339,51114,82005,58053,669,54104,59699,58053,989,3169,
58492,58492,7730,2398,58492,58492,69844,58492,10431,58492,58492,58492,58492,64278,7730,7730,58492,58492,82005,69844,58492,54141,7730,58492,7688,44116,27352,27352,46077,58492,58492,
59500,1380,71632,61153,6632,14028,37501,1022,35278,23301,6346,82034,4972,61791,63179,61090,20973,52230,10431,1339,59500,61791,3169,29875,64119,68963,23301,2363,44056,62888,25437,
59507,25437,59849,989,81985,7299,2621,29719,7299,59849,32506,4972,65660,7094,13613,49721,10429,19089,54141,5283,70004,59507,59849,10429,17630,25853,64824,64824,3169,66329,30889,
59699,10429,66329,30889,55149,4898,3169,25853,31378,2398,13875,54356,64406,27352,2530,5283,64406,162,4759,64406,54544,59699,61005,8927,1427,54544,59699,57099,13875,25853,51540,
59849,54104,36840,7386,52230,7591,54356,59507,2170,4598,54104,59849,17630,5339,56935,74361,17630,10431,31378,62142,17630,2363,16497,38792,44116,27892,56935,32319,30863,39884,2621,
60440,82005,30531,55082,16742,2621,34714,2621,59849,3169,10554,75787,67971,7299,2262,60440,57099,71632,2086,57099,82005,3169,46077,18387,54356,3519,48047,60440,46077,4598,54356,
61005,989,70594,25853,6944,6830,7094,61005,74470,4650,61005,65090,8659,5291,54104,2621,49418,54356,27352,61005,8659,64824,34901,2530,82005,7386,51476,23301,55149,13875,40273,
61090,81806,29719,62007,61090,25115,63041,70791,54693,22587,69330,74470,25915,725,8008,22587,54104,23301,61090,61090,44116,6830,64278,6709,57099,37835,67075,61090,16311,64406,61090,
61153,74361,67971,1473,54693,64824,79219,27824,10431,3169,61005,82005,57099,3658,45396,162,3169,8008,29758,8927,6169,54104,7547,6830,68963,64119,81915,3262,61153,55149,5784,
61791,6632,55061,42502,59849,46983,54356,54141,25490,52736,30531,49679,59849,3169,1537,64119,44056,58492,29719,7791,55762,7730,8659,82005,3296,13613,64119,27824,10431,49721,5784,
61912,56738,8927,55061,17630,1380,6830,43576,56738,63179,61912,13875,35408,82034,22587,30889,39835,7094,55762,31047,6346,5465,2543,64824,71814,2363,6830,2363,1380,81507,46733,
62007,55061,55061,5465,3519,1630,44116,61791,2086,10431,62007,62007,57099,74361,38693,64406,1630,7386,55061,61005,32506,40273,82005,74361,57099,55110,3169,62007,2530,7053,59699,
62142,33107,44632,17630,14028,34699,7072,14028,61153,8713,29719,44056,64278,64824,29719,6830,64824,5252,54104,74361,25115,68963,34699,74470,70004,65090,7779,1427,3262,59507,27892,
62888,62888,3169,55762,1427,18387,37835,5252,44056,7386,1022,5339,5283,2834,5339,62007,6169,76792,3169,7299,29875,1473,54104,55082,37501,29719,5339,7386,2834,25853,2621,
63041,4759,54104,81507,3169,63041,2086,74470,63041,60440,54693,3169,6944,16742,54544,67075,2398,71632,40273,27664,44056,37501,30889,61153,38693,32163,48552,64119,59500,1414,29719,
63179,51502,59500,51502,17630,5339,3169,67075,63179,23712,31378,16497,28652,63179,63179,30531,63179,42065,25490,67629,63179,63179,63179,52639,17630,2834,54104,1414,1630,3169,63041,
64119,1473,44632,10431,41702,1473,7053,64119,57099,1473,7453,10431,33107,34901,53878,15866,9071,2543,30531,30531,54315,64119,44116,3948,6709,29758,44632,46733,37501,32319,25490,
64278,64278,44116,80337,74361,4775,2543,64278,63179,37569,70791,2530,64278,2530,6709,7730,64278,23301,29719,64278,1339,64278,5339,64278,7547,2530,27671,64278,67971,64278,56935,
64406,64406,59699,1035,61912,2398,46077,55082,4598,64406,62888,5659,22686,7053,2338,64406,6632,18387,37569,4598,59699,26693,59507,2543,18387,53957,64406,39835,8927,40879,64406,
64489,7299,54104,50216,16742,6944,79219,64489,1537,32319,54104,8659,55110,82005,54769,56022,64489,29719,34714,64489,59500,80337,37569,25115,6169,44056,64489,49668,1473,3169,11235,
64824,76792,3169,42371,49578,56935,25910,30863,56022,42371,54104,81446,65660,68,76792,38693,54104,51854,25115,74361,64824,15866,54316,48047,1473,64824,63179,3262,34881,2530,62142,
65090,63041,2530,51540,63179,63041,54356,9243,36840,48552,54104,65090,74361,4598,70791,74470,2086,82005,51540,68963,989,64278,30531,74361,30531,65090,55082,55149,35669,7547,34901,
65660,61005,51476,16311,16497,6709,65660,8927,64824,46983,55149,5659,25115,57099,52230,65660,2621,2621,65660,61005,67075,76792,6169,40273,71632,38693,6346,54104,65660,10431,725,
66329,5283,29875,5283,5283,25115,34901,27824,39835,67075,10429,29875,61912,38792,59507,1339,21864,68963,2543,54356,2170,44116,64278,42371,75787,1537,46983,2086,39835,56738,81806,
66525,68650,66525,68650,68650,66525,66525,66525,68650,66525,66525,66525,5339,68650,66525,68650,68650,66525,66525,66525,66525,66525,68650,68650,68650,66525,1380,66525,68650,68650,68650,
67075,51540,3658,25915,6632,52736,5659,51854,55762,8927,65090,65090,54544,71632,74361,35669,54104,51476,1886,1427,56738,81915,81806,59507,35278,37501,55110,38792,70594,1539,49948,
67629,67629,54356,21991,57099,38792,7053,55149,70004,38792,1414,5339,48047,67629,48047,27664,56738,1473,67629,68,67629,57099,5339,67629,201,63179,7053,5659,64406,1035,74361,
67971,27145,63179,51502,32265,32506,30531,4898,82005,3948,19089,32319,68963,21991,37569,64278,60440,162,21991,71814,3169,2363,68963,7094,67971,54104,33107,42130,4972,2170,67971,
68650,66525,68650,66525,68650,68650,66525,68650,66525,68650,68650,66525,68650,66525,66525,68650,68650,66525,68650,66525,68650,68650,68650,68650,66525,66525,68650,66525,68650,66525,66525,
68963,68963,6632,42371,2569,5784,50216,53878,68963,32693,48552,1380,81507,68963,5465,54544,32163,68963,13613,30531,62142,61005,44056,63041,81446,67629,68963,7547,48552,67629,68963,
69330,68,1414,74361,35669,69330,81985,27145,63179,75787,7094,9243,69330,34699,58492,2398,82005,52676,71814,6709,79219,39884,16311,57099,39884,70791,1035,51502,44056,42502,2398,
69844,34901,55110,27664,81985,54104,70004,2338,49948,2621,54316,3169,23712,81915,1427,3169,4598,69844,57099,46077,57099,81446,4706,39542,56935,17630,81915,69844,33107,4898,49418,
70004,57099,81446,4706,54126,62142,4650,44632,1473,34714,57099,5252,25853,49418,5339,80337,3169,49948,54104,5784,79219,81985,44632,19089,57099,29758,70004,70004,81892,57099,44116,
70594,1630,64824,40273,3169,8927,6944,70594,54141,82005,7053,5252,57099,1886,34901,66329,10431,40696,70004,3658,36290,2834,57099,42130,39835,71814,81892,55588,2834,49418,13875,
70791,34901,30531,41702,16742,54104,70791,2530,7094,46733,41327,1539,30863,52639,25490,54058,39542,2118,5252,2118,24925,47400,7094,25490,46029,57099,52736,54356,989,44056,70791,
71632,1630,66329,36290,71632,28652,27664,64278,21991,33107,29719,42130,65090,57099,25115,41702,1630,52230,69330,46029,41327,81507,69844,54058,4759,40273,81915,7547,57099,82034,82034,
71814,71814,25490,37569,35669,17630,45407,44056,57099,71814,58053,27664,81806,27824,69330,29719,44116,30889,48047,31378,44116,1022,32163,16322,2621,64119,16311,54104,8713,8713,54356,
74361,18387,63041,54356,7094,1339,29875,1537,46733,40696,70004,62888,34714,2118,37569,7547,27671,64406,36963,42502,29875,49827,2262,5252,16497,669,27824,64119,66329,6169,70594,
74470,3169,54104,4650,69330,2621,62142,2118,32506,61090,51502,74470,29875,27145,32163,32163,64406,67075,74470,5339,6169,82005,62888,16742,70004,52639,42065,57099,64278,66329,64406,
74512,4759,1339,5659,71814,82005,81915,48552,29875,16322,81892,48552,45407,55061,71814,61090,40879,44110,81892,29875,58053,13613,54316,57099,51540,71814,4972,1630,18387,53957,37501,
75787,1537,37835,2621,48047,75787,61791,54316,54693,45396,5659,54356,42502,61791,46077,2543,82005,20973,63179,30889,52676,54104,63041,75787,70004,30889,75787,1473,1630,54141,68,
76792,76792,44110,76792,31378,55149,76792,5659,51114,68,4898,40273,6169,55588,64824,1886,13875,44116,55588,2086,28652,2543,7299,76792,40879,54104,7591,27352,62142,22587,59699,
79219,34699,6169,6944,34714,61791,57099,63179,46077,54104,82005,82005,81915,59500,44632,37569,29875,25437,2569,44116,29875,54769,40057,70004,56935,79219,5465,3169,44056,68963,7730,
80337,56935,35408,46029,58492,4972,44116,80337,4598,2530,63041,64489,80337,44056,34903,4598,3948,30889,42502,2569,9243,69844,48552,42502,2530,82005,44632,3948,80337,64278,16322,
81446,3658,3519,74512,54316,2621,6944,81446,4598,25437,81446,81915,6709,34699,5339,2170,5339,51114,55149,81915,81446,62142,21864,71632,29719,70004,64278,81446,34714,4650,52676,
81507,54356,9071,44116,2398,35278,63041,81507,81507,81507,37501,40696,34901,81507,1339,29875,55762,54356,71632,74512,81507,81507,59699,54544,46983,25490,42502,42371,2569,63041,81507,
81806,54315,27145,725,37501,57099,37501,62888,3519,68,44116,61005,6709,57099,81806,14028,54544,39835,989,31378,55149,50216,34901,56738,49948,55149,17630,2118,34881,40879,81806,
81892,57099,42130,68,1537,54104,3262,3169,7386,57099,70004,6944,5339,75787,5339,32506,25915,49679,46983,79219,54104,44632,54104,44632,7547,32163,54104,82005,82005,61791,56738,
81915,42502,81985,57099,44632,42065,53957,81915,44632,63179,44056,32693,44632,81915,44632,81915,69844,25115,21864,3169,3169,54104,2530,1537,15866,10431,21991,16322,34714,15866,3948,
81985,49646,4775,44632,55762,5659,54104,3169,49668,82005,32506,49948,5465,49646,71632,7791,82005,2338,46029,49683,47400,49827,6944,21991,81985,5291,81915,4706,51540,1022,45407,
82005,82005,31378,81985,7072,54058,15866,9243,4650,6944,5784,54126,5339,1035,49418,25915,69330,49679,70594,81985,57099,2262,27824,82005,69844,5465,14028,3948,32265,4706,27664,
82034,2621,31378,19089,25437,63179,61912,50216,25853,39835,79219,71632,61005,2118,27664,82034,2530,69844,16322,34901,64278,3948,25490,1035,33107,3296,70004,2086,44110,1539,69330,
