68,1537,44056,8713,71632,2086,1022,2621,1537,5465,1022,49418,2363,68,68,51114,6830,5291,70791,54544,54544,57099,55110,5784,82005,7299,1022,8927,37835,39884,60440,
162,35278,42371,1380,59849,54693,61791,50216,46077,6346,4598,44632,34714,4706,23301,64278,2118,6709,49679,25910,27824,2086,34881,4706,8659,19089,25437,1630,59500,81446,71632,
201,5339,54769,31378,1339,7730,36290,4650,32319,54356,60440,59699,44116,34699,80337,20973,49646,201,1414,30889,4740,201,17630,64406,17630,46029,7386,201,65660,32319,31378,
669,64119,6169,3948,25115,66329,8008,725,1035,7730,7547,7386,49668,669,669,27514,30531,2530,37569,68,5784,1035,63179,44056,54104,7547,1630,5283,6632,57099,25490,
725,5252,39884,11235,27553,725,30531,34901,7591,11235,59849,725,13875,61791,61791,52639,8713,46733,46733,59507,43576,44116,34881,42502,49418,1630,55061,725,57099,2569,3169,
989,6830,46077,30531,2834,4898,1427,81806,34881,34903,34901,55061,55061,4706,44632,42371,49683,4972,3169,40696,4972,3658,44632,37501,16497,54356,53957,1380,37835,34901,34901,
1022,2338,52230,3826,63041,74470,21893,44056,3658,34699,5283,5784,44116,1380,80337,7299,27892,49646,32506,25115,25115,6632,28652,27664,49646,669,81892,49668,42502,5784,69844,
1035,1035,4598,27514,41702,33107,54104,54104,54104,44116,40273,64278,8659,725,27892,34714,30531,1035,35408,81892,81892,38693,54356,57099,59507,52736,2530,39542,27553,9243,19089,
1339,16311,5784,1339,5339,80337,79219,35669,54544,1339,37569,4706,1022,54356,4598,2398,4598,55061,1339,30531,3169,69844,54693,1473,11235,3169,7386,1339,2530,64278,44056,
1380,41702,2338,35278,35278,32319,54058,36290,3948,1380,42371,63041,63041,7779,4598,38792,2262,4598,54126,1537,2530,4598,70004,2530,56738,52230,25940,9243,82005,56738,1537,
1414,3169,7072,25910,5659,10554,74361,63041,63041,1414,46983,17630,74470,44632,51502,1414,50216,69330,49418,27671,14028,29875,4759,59849,31378,3826,44632,57099,54769,46077,3262,
1427,3296,16311,725,64824,2118,4598,52639,56738,44632,49668,1427,59699,25910,2543,2530,56935,1427,54058,32265,54104,46077,81985,63179,725,75787,16322,1427,37569,10429,34901,
1473,29758,57099,52676,2398,75787,64406,7591,63179,27824,40696,57099,63041,7299,41327,7547,46029,44632,40273,52676,2170,61090,59699,37835,27352,7591,40273,7688,25910,2543,74470,
1537,40273,5339,7547,10431,7547,9243,5339,40273,7591,5784,2834,20973,51854,61791,11235,4972,71632,82005,42502,61153,39884,34901,51502,4598,58053,34699,4650,81915,61791,22587,
1539,3948,4898,4972,54104,81806,34901,19089,49827,10429,63179,34901,39542,32319,50216,1537,3169,22587,8927,1473,49679,67075,46077,64406,35278,61005,34699,55110,31378,40273,8659,
1630,43576,25437,76792,76792,41327,201,2530,82034,6346,36290,59849,25915,31047,55061,76792,37501,57099,49683,63041,64278,1630,65090,5784,2621,79219,4972,4706,5784,13875,989,
1886,51476,51476,3658,29758,61090,36290,2569,25490,3658,1035,22686,59507,23301,23301,49683,57099,63041,36290,63041,2338,54356,46077,7386,45396,3169,2621,42371,27145,2530,36840,
2086,38792,4706,51114,46983,65090,42502,30863,30863,1380,49578,68,57099,21864,57099,49646,24925,26693,2398,1473,82005,27514,3296,3169,63041,1630,1539,59699,4759,2086,68963,
2118,2118,76792,6944,69844,63179,63179,2118,56738,2118,23301,39542,70791,34901,5283,82005,34903,79219,37501,82005,30531,30863,13875,44116,5784,22686,70004,70594,27145,56935,40696,
2170,2170,16311,34714,22587,44110,82034,63179,63179,6169,54126,2118,7688,81446,45396,54769,5291,4972,22686,34901,34901,6709,81892,2118,2118,27352,40879,34699,6830,6709,6709,
2262,2262,55149,2262,4972,1035,725,201,201,41327,11235,58492,2262,28652,81915,25437,79219,34714,1427,81892,21991,60440,65090,64278,27514,4598,63179,49683,49683,2262,7053,
2338,56935,40696,55762,40273,3169,5339,25915,52639,3169,1022,54104,82005,1537,57099,42502,7299,13875,5465,70594,4759,10554,35669,5291,46733,34903,44632,5339,14028,40057,16311,
2363,33107,3169,4775,64119,725,1539,30531,26693,53878,2569,82005,41702,2363,54769,61791,49679,29875,4706,82034,82034,30531,54693,5784,1035,45407,45407,54356,65660,42502,21991,
2398,7591,40879,1630,1630,44056,57099,54104,10554,21864,27892,2262,3169,21893,21893,1035,71632,3169,59849,81507,44056,64278,4775,7094,29875,30531,25490,30889,1886,2398,66329,
2530,27352,10429,40879,66329,46029,54104,7053,54104,2530,39542,59500,49683,4598,44632,82034,82034,54356,57099,31047,7299,27671,27671,4598,25490,51854,70594,2543,30531,162,22686,
2543,35278,2543,51502,55110,32319,67629,2569,25490,38792,27664,2543,2543,39542,39542,5465,3169,43576,6169,56738,3169,5465,4706,4740,49948,2543,51114,15866,30531,61090,2118,
2569,64119,37501,2569,52230,74361,57099,57099,18387,56935,56935,2118,2118,1380,56935,1414,6944,25437,21991,5339,16322,29719,67075,61791,34901,61153,1035,3169,5784,28652,7779,
2621,21864,7779,54316,82034,64824,29758,64278,64278,11235,61090,48552,62888,1537,4650,57099,11235,35669,44116,16742,34901,4598,39542,59500,59500,2621,11235,19089,44632,44056,44056,
2834,2398,2398,2834,1022,38792,4598,7453,15866,2834,2530,10431,1886,56738,31047,54058,54693,54315,27824,6830,52736,50216,54104,5339,59699,32319,17630,15866,40273,59849,57099,
3169,69844,55110,1537,49668,57099,27664,3169,5339,82005,22686,44632,13613,10431,22587,44632,6632,67971,3262,1473,62142,81985,49668,81892,16322,42502,27664,44632,6169,3169,82005,
3262,70594,49679,49827,32506,69330,54141,71632,32693,44632,13613,68963,68963,3262,9243,5283,1537,6709,5784,1339,5283,29875,25915,32506,4972,71632,53878,81446,19089,10431,65090,
3296,3296,2530,11235,48047,3519,61153,35408,4598,5339,81446,3262,1339,43576,59849,4759,7053,5339,34699,44116,54356,34881,16742,61090,49721,3296,61153,30889,11235,37569,25115,
3519,10431,32506,30531,1537,81985,49683,41327,29875,41702,1380,49721,25915,55082,82005,54058,82005,44116,5339,10431,49679,4706,81985,3169,24925,3519,49721,5339,57099,3519,62142,
3658,669,7094,669,59500,49679,2363,65660,22686,36963,64406,21991,62142,44632,36840,81915,7094,46733,40273,7453,7688,1886,2530,4775,27664,82005,57099,51502,81915,3658,5339,
3826,3826,3826,34901,5339,3826,2530,28652,35408,57099,79219,8008,61005,4706,49668,3826,81985,55061,39542,2398,39542,3948,21864,49646,49683,3826,3826,5784,34901,3826,3826,
3948,8659,3262,17630,64406,63041,54544,57099,46983,63041,41327,3948,7779,82034,44056,3948,2543,38693,44056,82005,54058,25853,44116,40696,57099,30531,49418,25940,25915,1380,56935,
4598,40879,40879,56022,46733,42502,64278,30531,2398,63041,57099,2530,2530,2262,21991,54141,21864,57099,54104,47400,4972,54104,54544,4598,4598,63041,62007,39542,40696,49683,42130,
4650,39884,21893,10431,5784,46983,8008,57099,16742,1022,59500,1630,25915,55082,55762,59500,30531,6830,3262,71632,25915,38792,5283,24925,55149,70004,4706,35278,2621,4898,21991,
4706,4706,6632,69844,29875,68,68,201,44056,54126,45407,5291,2363,34903,46029,57099,57099,62888,1427,25915,27145,2363,55061,22587,27352,5784,32506,49721,34903,49668,44116,
4740,35408,21864,54104,2543,51114,3169,10554,40879,4740,27824,6709,54104,44116,10554,4898,3296,50216,27553,74470,55061,58053,31378,50216,1022,10554,10554,63041,44632,2543,7072,
4759,59507,52676,59507,39835,66329,16497,11235,1380,25910,51476,162,2530,4759,61912,6709,4598,80337,54356,8713,7386,74361,34901,20973,2086,61090,18387,4598,4598,27352,35669,
4775,5784,49827,20973,15866,49668,2398,44116,5339,4775,37569,54104,59507,6944,4972,29719,29719,4775,52230,46733,5291,49679,54104,6944,75787,25915,4775,7072,31378,32506,49679,
4898,52736,10431,64406,37569,10431,10431,81446,81446,36963,44632,61912,7299,10554,3658,8008,42371,34901,81507,57099,69330,16322,54104,25853,6709,54104,56738,34901,63041,5465,48552,
4972,4898,3519,55110,8008,69844,69844,2262,71632,55149,43576,82005,47400,57099,82005,34714,3169,5339,29719,55082,70004,25853,25853,60440,54104,52676,82034,49668,63179,81507,5252,
5252,47400,40696,46029,34903,5252,49646,6944,55061,4775,5784,21864,27824,4706,40057,5252,81507,44632,31378,10431,40273,54316,2621,81985,63041,20973,70004,49721,49679,44056,81985,
5283,162,81806,29719,17630,5283,54356,51854,27824,11235,48552,1630,32693,39542,4598,46077,61005,5283,37569,6709,6709,64278,7094,5283,20973,54315,2118,39835,27514,31378,37569,
5291,68,5784,162,36963,40273,40057,2363,70004,45407,54769,70004,49679,5465,4598,23301,10431,46029,3296,20973,57099,70594,36963,81915,81446,34903,29758,19089,25853,46029,55762,
5339,37501,8713,9243,64278,44116,44116,669,32265,20973,14028,16322,67971,2834,3169,42502,2262,54769,3519,40273,10431,1473,4706,22587,6709,3948,30531,54141,3826,81507,44056,
5465,54769,44632,34903,49668,19089,5465,45407,47400,54769,34714,22587,68,17630,201,2363,5784,40057,68,70004,54126,5291,7299,44632,64119,25915,6830,60440,55082,24925,47400,
5659,4706,31378,6830,725,5659,10554,76792,54104,5659,2621,55149,23712,6709,6709,1473,1473,70004,36290,42065,22686,5465,49578,35278,44116,4598,7072,67075,57099,3169,5291,
5784,82005,64278,5339,82005,1380,1380,54104,34903,23301,42371,2262,49418,70004,81892,64489,3262,21864,4598,53878,54058,49418,29875,49418,46983,10431,82005,19089,54104,10431,26693,
6169,6169,6944,8927,61090,2543,5339,63041,16742,2338,41702,42130,81985,82005,13613,51476,36840,20973,25910,29719,3169,2118,34901,54356,22587,2834,64824,4598,82005,10431,39884,
6346,29875,63041,8927,63179,27352,37569,76792,76792,32163,989,57099,13613,59507,16497,19089,7386,8927,65660,18387,71632,4706,47400,5291,81985,29875,46029,17630,14028,30889,27145,
6632,20973,8713,30863,46983,59500,4898,10431,5659,6632,75787,82005,7094,8008,55110,81985,3169,4759,43576,19089,7547,22686,49948,62888,13613,14028,7299,81806,81806,31378,27145,
6709,3948,57099,64278,64278,6346,30531,2118,989,36963,25853,16311,71814,25115,5339,2170,3948,36963,36963,41327,2262,21893,989,25490,1414,63179,7386,7688,39884,34903,6169,
6830,81915,46029,3262,27892,17630,49721,44116,19089,6830,6830,22587,55762,54104,5339,7299,2834,81806,4598,27352,3948,32506,82005,32506,40273,64824,5659,44110,201,5339,1473,
6944,6944,54104,5465,49827,57099,74512,69844,82034,44632,4972,33107,1414,82005,37501,3169,2530,70004,42130,6944,2543,29875,49721,4598,29875,13613,3169,4598,54104,6944,5784,
7053,81446,7299,7730,58492,74361,75787,54356,21991,31378,46029,64119,2543,26693,26693,16497,54316,4598,57099,10431,6169,82005,28652,24925,29875,51540,7094,4598,2262,51114,1339,
7072,46029,25915,49683,3169,7791,40057,67629,54104,27145,37569,4775,46983,82005,45396,40057,32693,81985,44116,30531,5283,2262,69330,39884,7094,54058,27824,34903,49683,49418,59500,
7094,43576,21893,7547,34714,4898,989,81915,81446,40273,28652,79219,3169,76792,31378,21991,54104,54356,6169,2569,1539,61005,3169,82005,15866,5784,1339,37835,8927,5784,46029,
7299,7791,4598,13613,33107,2086,55082,36963,51854,1339,1339,40879,44116,2569,74470,27664,3169,7299,2530,7299,22686,42065,51114,6830,3948,27824,31047,55588,1630,8927,25915,
7386,82005,4972,50216,44056,50216,82005,49679,49646,49721,49827,61912,44116,30889,7299,2170,7386,55110,7299,51114,15866,4598,3948,54126,54104,55149,42065,33107,21991,64489,3169,
7453,7453,61090,1630,45396,54356,55762,34881,1022,34903,49646,8713,20973,6709,25910,56738,6944,41327,80337,64824,39835,27553,27514,21893,39884,51540,51540,10429,54544,55061,25490,
7547,82005,3948,26693,2543,1022,1022,7547,7547,81507,55110,25915,49827,2530,50216,61912,61791,35408,6709,46733,49721,29758,7299,47400,3169,4706,22587,32506,32506,7547,1630,
7591,76792,55061,82005,7386,24925,49668,7791,81446,2086,8659,5465,34699,10431,10431,5291,10431,5339,4972,58053,10431,56935,30863,63179,63179,39542,4898,55082,42371,54356,64406,
7688,65660,4740,37835,39835,51476,5291,3169,7053,27824,10429,42371,13875,27352,32163,37835,29875,2569,52230,2118,43576,1427,22587,54316,16311,25910,37501,7688,6346,56738,54104,
7730,7730,48047,40696,70791,58492,58492,1022,4598,6830,22587,58492,58492,1539,11235,65660,59500,2834,51854,31047,1414,9243,34901,31378,7386,54058,74361,7730,58492,5283,16322,
7779,64119,3948,70594,11235,67629,40273,37501,3519,44056,29875,4598,4598,21893,201,2621,54316,81806,40273,67629,40273,1035,51502,15866,81446,44056,44056,162,16497,14028,34714,
7791,2398,2530,70594,42371,30531,3948,30531,30531,39884,57099,41327,47400,39884,21991,7791,54104,27664,3169,7791,41327,58053,52639,52639,32693,39884,34903,64119,54356,52736,39542,
8008,44110,16497,63179,8713,59699,16311,7453,4759,63041,55762,8008,16742,201,17630,61912,51114,55110,57099,36840,3296,2118,2621,47400,27664,1022,6944,10431,8713,63041,35408,
8659,16311,1022,1473,61090,18387,54104,55110,54104,27824,7299,1022,42130,63041,7547,5465,81915,49679,4706,48047,9243,34881,14028,19089,49418,8659,46733,27514,61090,23712,36840,
8713,10431,46077,4759,4759,62007,4598,2398,29875,35669,1630,7386,82005,71632,81507,59507,64278,15866,42065,65090,74512,49578,29758,62007,1630,46983,64824,69330,69330,55762,67971,
8927,6830,7547,22587,52639,25910,76792,42065,25437,1539,1539,52736,34901,34901,59507,39835,2086,5339,51502,54315,1427,22587,39835,16322,44116,43576,40273,56738,54126,27514,2363,
9071,50216,6709,18387,3948,71814,68,19089,81806,61153,29875,36290,43576,7386,76792,9071,27671,13613,33107,76792,7591,20973,25915,49683,54058,5339,28652,4740,25910,43576,4759,
9243,8008,44116,34901,27892,22686,45407,64824,81507,1473,6709,82005,74512,63179,57099,5465,44116,2363,44632,4972,58492,59849,54544,39542,61153,34714,5339,34903,82005,2086,37501,
10429,25910,4598,2621,3169,17630,5784,38792,55149,63179,50216,38792,6830,2834,2834,10429,42065,10429,58053,10429,6346,10429,64119,34699,4706,1022,29875,10429,75787,3948,3948,
10431,81915,46029,82005,54104,52639,54356,81915,6944,1339,56935,81892,44632,40696,27892,5339,16322,5465,47400,7072,46733,54058,42371,26693,57099,1473,82005,25115,6709,7299,37501,
10554,11235,82005,54315,46077,25115,25490,25910,4598,16497,56935,1630,2338,70594,49948,44632,4706,22587,5339,67075,64489,51114,5339,81507,62142,8659,47400,43576,43576,42371,27514,
11235,66329,70594,48047,34901,1630,8927,989,2338,37501,81806,39835,1539,55110,8659,2621,44056,8659,82005,4650,2543,4898,42371,59500,23301,70594,23712,2543,44632,63041,2262,
13613,52676,44056,55110,32693,48552,27892,39835,41702,70004,3169,44632,27671,5339,48552,2530,2086,3169,58492,13613,18387,27824,34714,82005,54126,28652,64824,54104,7386,62888,36963,
13875,33107,2569,49948,7053,2338,2834,6709,44116,30889,50216,61090,10429,25853,68,35278,6709,42371,82034,2118,37835,56738,42371,23301,59699,989,29875,6346,56738,42065,6709,
14028,5339,1022,27824,50216,57099,1380,63041,1539,74361,32163,1380,81507,39835,51854,46983,8927,25910,46077,32693,21991,40696,30889,14028,55110,82005,14028,5339,45396,55061,44116,
15866,15866,27352,61005,67629,3169,63041,56738,54104,44056,8659,54544,25115,25490,40273,2834,31047,6944,13613,669,29875,79219,80337,1537,4972,29875,2621,46733,49683,10429,27824,
16311,5784,64278,21991,81915,49683,29875,81915,82005,20973,34903,2262,2262,54316,10429,5784,4598,21991,22686,47400,44632,32506,49646,49827,54104,42130,7072,25910,3826,52639,2118,
16322,3296,31047,20973,59507,55061,1339,3948,63179,16322,82005,5339,1380,32265,46983,62007,62142,44116,2621,67971,21991,16322,54769,5339,5339,32163,29875,16322,2086,53957,42371,
16497,54693,54693,26693,70594,8713,27145,35669,4740,59699,59699,2834,30531,59849,39884,44116,7094,34881,21864,54769,2543,16497,162,4650,11235,46077,4740,40273,49646,34901,2338,
16742,4598,39542,3826,28652,5252,54104,63041,5283,63041,3826,2086,6709,4972,29875,16742,16742,38693,54104,16742,63041,16742,16311,4598,5252,1886,68,6709,41702,21893,725,
17630,56935,2621,74512,2621,7386,54126,63041,82034,68,49679,61005,61005,27892,1537,29719,3169,4972,5291,81446,3948,17630,59849,37569,55762,17630,64119,81507,23712,32506,70004,
18387,54693,71632,18387,5339,2569,32319,16322,1022,55061,42371,18387,38693,44116,5465,7094,70791,70004,2170,68,15866,29719,54104,61090,5339,27145,49668,44056,25915,35669,21991,
19089,21991,7730,7386,74361,30531,57099,25915,3262,27671,5339,82005,74470,7688,54544,1022,81892,14028,76792,31378,44632,67075,5659,49418,44632,32319,201,19089,16311,10554,47400,
20973,57099,44632,61005,23301,27664,53957,62007,54104,1427,60440,11235,32265,2543,81806,7453,1886,54104,54126,54544,4598,54126,28652,46733,10431,2543,33107,34901,27352,6944,3169,
21864,81915,44632,5339,5659,57099,57099,7791,44632,3169,29875,49721,25490,7779,61791,2530,27824,40057,7072,27892,8659,1035,51502,81507,7791,3948,25490,62888,19089,1035,52230,
21893,13613,81915,32163,75787,81806,51114,21991,22686,54104,70004,10431,5465,71632,81915,48047,17630,21893,32163,2621,79219,25490,66329,65090,65090,55588,4650,65090,63179,44110,71814,
21991,40273,5784,34714,54356,2530,3296,25940,54126,44632,34714,1537,69330,5252,5252,57099,2834,6944,22686,34903,10431,42502,33107,55082,65090,37569,16322,49668,58492,1035,46733,
22587,1427,7791,54315,14028,50216,15866,61090,34901,36963,2086,6830,40273,51502,81985,52736,52736,5784,4775,27514,27514,5291,44116,1886,1886,9071,18387,6830,13875,7779,22587,
22686,36963,57099,25437,3519,3169,3948,42130,81985,44116,5339,4598,4598,54126,59849,22686,82005,7688,7688,50216,25115,22686,57099,36963,6346,10554,7386,22686,10554,58053,54104,
23301,22587,989,15866,20973,6709,16742,61153,54769,21991,54544,54104,22587,59500,41702,1473,42065,39884,71814,2543,22587,7386,27824,23301,40696,51854,81806,49646,59500,21864,40273,
23712,71814,52230,5339,22587,57099,11235,69330,59849,669,71632,44632,7791,42065,2086,54356,18387,5291,9071,34901,31047,27553,27671,29875,76792,55762,25490,27553,62142,54544,64824,
24925,25915,49827,70004,10431,49679,68,81446,42502,34714,6944,3826,3826,5339,7299,19089,2338,49668,70004,27145,10554,5784,16311,28652,44632,44632,32163,46029,36290,49827,49827,
25115,23301,70594,162,2118,162,2621,55588,7386,35408,44116,70594,59500,25115,34714,62007,32163,22686,7299,25115,4740,989,6632,7730,7730,6346,6346,2530,2530,35278,27145,
25437,81915,44632,42065,55082,2118,20973,25437,34699,25437,42065,1414,38792,64489,34903,57099,55110,1886,10429,25437,5465,57099,82005,25437,51476,9243,3262,57099,4706,39884,71632,
25490,63179,669,54769,54104,7453,14028,2363,63179,25490,54769,43576,2621,2621,49948,2543,64406,32163,4972,63179,62888,25490,74470,2543,2118,2569,53878,58492,58492,7094,54141,
25853,35669,60440,6830,39835,16497,2543,61005,46077,19089,47400,23301,10431,6709,57099,25115,43576,4706,3169,8927,7453,49948,4598,54544,50216,81806,19089,27352,27352,162,42371,
25910,35669,18387,25910,27664,52230,62007,7299,65660,68,48047,16742,15866,1630,7386,40273,4775,25910,2569,25910,7094,3519,51114,7299,61912,62888,36963,2543,7053,3519,4775,
25915,44632,24925,54104,4598,3948,17630,46733,17630,1539,32163,2363,61912,30863,10431,7072,5339,30863,6830,37569,49721,5252,49578,2363,56022,54104,27664,49668,29758,49679,45407,
25940,49679,30531,45396,49948,55762,5784,49679,49418,24925,5291,2363,3169,61912,49948,58492,58492,40273,5465,5465,49683,2262,3169,49679,24925,40273,34903,989,44056,82005,42065,
26693,2834,82034,61005,2834,64119,54544,10431,2543,81985,82005,81985,2338,3519,59507,201,54104,54356,54356,7453,46733,34903,1035,54356,59507,44116,2338,19089,51114,16497,50216,
27145,20973,46733,21893,59500,49721,8713,2543,2118,61153,2118,49418,27664,1630,36840,27824,49646,35278,6346,81892,3169,4598,4598,2338,2338,27145,11235,67971,67629,55082,8659,
27352,27352,22587,11235,42130,5339,4598,57099,40273,28652,2569,39835,63179,2530,4972,32163,54104,64824,65660,4598,69844,37569,27824,16497,2834,10554,25853,61090,5283,2621,34699,
27514,44632,9243,37501,82005,27514,7299,7791,725,5339,3826,81507,38693,60440,71814,6709,46077,3826,4775,54544,30531,54544,2398,40273,44632,5283,71814,27514,46733,1537,23712,
27553,27892,21864,32319,82005,7094,80337,34714,61791,25490,7072,3826,34699,57099,28652,27553,55110,54141,79219,3169,5339,2543,49948,2363,2530,64119,81806,82005,32506,37835,30889,
27664,57099,14028,70004,49827,70594,40696,81985,1022,82005,57099,5465,82005,82005,27664,57099,7779,29758,54316,5784,5339,49721,39884,81915,81915,3169,3169,3169,13613,81985,54141,
27671,42371,989,27671,17630,82005,32265,27671,61912,2530,8927,81446,62142,65090,75787,52736,52736,59507,27514,54356,74361,1630,28652,6169,63179,26693,54544,27671,27671,3169,1022,
27824,7730,25115,3296,26693,54104,49683,13613,44632,39835,56022,51854,5291,7386,81806,44116,52676,1427,57099,54104,56022,27514,40696,16497,39835,44056,54104,49418,49668,33107,66329,
27892,52639,45396,2398,74470,25490,2543,48552,27892,3169,34714,29875,29875,27664,3169,1537,43576,40696,30531,54356,21991,48552,54104,2398,64824,27892,7547,29875,81446,29719,4650,
28652,40879,25115,35408,6709,56022,34903,5465,1022,54141,2621,29875,17630,27352,40273,64119,10429,1022,46733,22587,36963,7688,8927,54104,6709,15866,54356,28652,81915,63179,7094,
29719,4759,54141,63041,46077,44056,70004,29719,81985,32265,52639,40273,64119,31378,7299,27553,989,6346,4598,23712,54141,54104,2118,1414,44632,46983,51854,46983,57099,61090,34881,
29758,44632,44632,55762,9243,52736,29758,54104,56935,54769,44116,82005,34901,8927,51854,29758,59500,669,30531,29758,7299,34903,4706,5339,23712,82005,34714,56022,45396,10431,54104,
29875,34714,27892,62142,44056,4598,4598,46077,27553,49668,34714,4598,48552,3169,59500,29719,3658,48552,38693,29875,62007,68,34901,4972,3169,44632,6944,15866,7453,44056,29719,
30531,34881,162,30531,57099,65090,65090,5339,3948,36290,2118,2530,57099,48552,32265,3169,54693,5291,49683,7094,40696,11235,65660,68,4706,64119,989,35669,2621,7094,2543,
30863,40879,10554,8927,201,69330,63041,44116,5784,44056,54693,30863,6632,21864,1473,59507,54316,4598,59849,40696,3169,46077,30889,27553,8927,54058,44110,51114,79219,52736,54693,
30889,7053,7791,13613,55110,5339,51540,7299,39835,25853,82034,10431,11235,80337,54126,44116,74361,36963,42371,3296,54141,30889,31047,2621,44056,44056,11235,30889,1473,42371,81446,
31047,25115,7299,3658,67075,5283,7299,50216,6709,31047,25853,64406,51854,2338,52639,30531,40273,51540,46077,1022,49668,25910,5291,2834,37501,40879,1473,27671,4598,61090,57099,
31378,7730,49683,54544,3296,44116,1427,2621,61005,46983,7299,9071,4650,51114,44632,18387,64406,31378,38693,65660,2363,62007,5784,42502,76792,57099,67075,41702,68,55082,39884,
32163,54104,16322,1537,57099,5339,25490,2543,34901,79219,70004,71632,63041,52230,28652,54356,5283,4972,21991,54356,51854,64278,64278,14028,34714,32163,2569,17630,7453,2621,27664,
32265,1886,8659,44056,6944,61791,64278,7053,16742,52676,52639,6709,54544,7730,5784,54141,15866,42065,25490,64406,59507,32265,31378,6709,35278,63179,67075,4598,38693,52230,51540,
32319,51476,41702,55061,2086,41702,56022,989,14028,3169,59500,39884,82005,54104,6944,76792,8659,5465,2569,49418,46983,44632,10431,9071,5784,46983,81446,70594,42130,46733,44110,
32506,32506,70594,8713,57099,27664,1022,4706,34901,24925,49418,42502,1630,3519,16322,32506,30531,44116,25915,2543,6709,46983,52639,49683,56935,32506,49827,27664,3948,32506,40057,
32693,1537,9243,49578,5465,3169,3826,57099,49948,44116,3948,27145,2621,7299,11235,54126,3169,81915,57099,70594,33107,28652,44056,81915,3169,34714,34714,57099,7094,69844,45396,
33107,10429,55149,60440,60440,49679,1022,3262,64824,5252,52676,54104,65090,54141,7094,33107,3296,7386,64278,64406,35669,20973,38693,69844,69844,52736,2543,66329,7053,3169,64489,
34699,79219,8659,2170,55061,82005,5339,5291,42130,1380,2363,5784,49668,3826,3826,2530,59500,7547,6944,44632,61153,3296,52676,34699,54058,81446,7299,27664,5465,15866,41327,
34714,44632,25437,3169,3169,4598,16742,81915,21991,2262,7453,10431,52639,3169,70594,20973,4775,36290,54356,42502,5339,81985,52230,1035,54104,57099,44632,82005,49418,63179,37835,
34881,36840,14028,34881,22587,25490,81507,59507,55110,3658,64119,40273,42371,46077,21864,4775,47400,52736,14028,4898,16742,45396,7094,82005,25437,25115,55149,2530,2530,82005,82005,
34901,5784,61005,4740,10554,74361,26693,5339,49721,6830,30863,1339,33107,2170,54356,74361,40696,26693,54104,14028,68963,3658,1022,54316,79219,2621,2621,13875,27145,35278,34901,
34903,81985,4706,3169,27145,70004,57099,17630,8927,4706,44056,62142,51502,5465,49646,35278,14028,1022,31378,20973,13875,28652,13613,20973,56738,40057,70004,49683,54104,1380,2398,
35278,57099,5784,1022,54104,39835,1427,8713,37569,35278,2398,1339,34903,42371,70004,42065,35408,42371,57099,67629,27145,37835,3169,30531,81985,31047,35669,59507,4759,54544,35408,
35408,46077,3948,6709,6709,2262,27664,5659,30863,40273,1630,74470,59699,59507,43576,27514,7386,5283,5283,3262,82005,63041,21864,35408,61090,61153,6944,1035,1035,39884,21893,
35669,669,71632,40273,49721,13875,8659,10431,5339,16497,44116,7299,7299,61153,2530,13875,39835,59507,59507,67629,67629,13875,51476,5252,44632,18387,18387,81985,21893,8927,8927,
36290,7453,29719,3169,54104,61005,81806,54141,65090,79219,25437,60440,3169,47400,30531,79219,4898,31047,2118,55762,725,4650,29875,2621,70791,49721,5252,49721,46733,2262,55061,
36840,29719,7053,70004,81892,52736,162,201,7386,6632,75787,70594,61090,62142,21864,52736,6709,16742,2262,34901,76792,4598,79219,2530,2621,44116,74470,44110,4650,54104,28652,
36963,22587,4598,989,21991,6169,53878,36963,1473,2834,2530,36963,74512,22587,31047,70594,44632,162,61090,30889,70791,36963,59699,6709,36963,6709,2530,55149,11235,22686,40879,
37501,37501,25940,79219,1630,54104,10431,65660,40273,30889,2530,54104,6944,35278,68963,2398,55588,27553,80337,54104,81985,44116,61005,17630,1537,31047,69844,10429,42130,64824,56738,
37569,8659,8659,37569,17630,37569,2363,10554,59699,5784,46077,27145,54126,81806,36963,29758,15866,55149,54315,5465,36290,37569,29875,2543,34901,1022,7791,31378,80337,53878,49948,
37835,32265,23712,4740,1630,46077,46077,5659,82005,25853,162,37835,23301,669,1537,64824,11235,55061,57099,44116,4706,51476,7453,1886,1886,9071,9071,43576,7547,44110,74361,
38693,61791,49679,31378,31378,21864,45396,38693,38693,67971,44056,38693,2569,39835,5291,31047,35278,70791,27664,27824,54104,4706,7299,32163,25490,65090,65090,10429,44110,53878,40696,
38792,162,32265,66329,6830,34901,14028,6632,80337,59699,51540,35669,35669,32163,2543,37835,32319,62888,62888,64824,65660,6632,1414,30531,1414,54356,44056,51502,81446,56738,37569,
39542,1035,2530,80337,27892,1380,4598,39542,55110,39542,67971,79219,49683,52736,46029,8927,1886,64119,34714,7791,76792,64119,79219,39542,2569,39542,39542,39542,25437,39542,39542,
39835,34881,2530,5784,8008,61090,34881,21893,1537,7299,6944,40057,82005,7299,6944,35408,25115,8927,40273,6632,65660,25115,81446,2170,52639,50216,44116,66329,10431,34903,18387,
39884,44110,46983,7591,61005,2569,27514,2569,22587,2569,1537,48552,21864,2262,70004,2398,74470,22686,36963,5291,4706,49679,54104,56022,3169,4650,44116,13875,162,61005,45396,
40057,44632,44632,34903,46733,58492,58492,49668,81915,44110,74470,40696,5465,36963,44632,40273,39884,56022,5252,49418,6632,70004,32163,42502,80337,32506,5465,49679,7547,44632,54104,
40273,10554,50216,5339,3519,70004,46983,44116,49827,55588,42371,42130,49827,5291,31047,5784,54104,16311,55762,54769,30531,45396,70004,68,37569,10431,4775,24925,54058,2543,32693,
40696,1022,41702,54141,6346,11235,44056,32265,46077,2543,3262,74361,6944,25490,15866,21991,82005,2170,1414,56935,56935,64489,3658,44110,44632,82005,40057,79219,52230,14028,44632,
40879,2398,2398,19089,55110,27824,42371,7386,3948,2530,5339,25115,61912,61090,54356,59849,2398,50216,30531,22587,5283,40879,54315,5291,20973,6632,61153,30863,2262,10554,3169,
41327,41327,44056,55061,3519,2621,2621,44056,54104,44056,7779,70791,48047,7453,29758,6944,81446,41702,41327,56935,44116,2363,81446,41327,55061,2338,6169,41327,46983,41327,41327,
41702,57099,3169,23301,58053,34901,71632,49646,49668,13613,1886,10431,10431,57099,82005,6709,55110,1035,54769,1035,27553,15866,51540,23712,4706,1022,21991,25437,21991,1035,81806,
42065,52230,3948,2569,53878,2086,81985,20973,54356,44116,62007,63179,669,2543,10429,48047,3296,3169,82005,42065,64278,28652,44632,33107,74361,1473,7053,30889,32265,55149,59699,
42130,49721,44116,52736,42502,32506,45407,57099,31378,5339,27664,81892,82005,47400,3519,13613,8659,1630,1414,7072,44632,32506,5659,32506,3169,49646,34903,49827,4775,3169,3948,
42371,36840,81806,40273,49721,3169,54141,1537,7299,42371,4759,54544,54104,6830,1630,42371,5339,39542,27671,82005,25915,33107,74361,71632,68,55588,61090,54544,81507,33107,1886,
42502,1022,52736,81507,81892,40696,55588,45407,7299,4706,54356,7779,44056,61791,2543,25910,25115,54141,53878,27664,81985,6944,6944,51114,2086,14028,35408,54356,6709,42502,42130,
43576,2530,59849,65660,21893,9071,62888,21893,34881,50216,34901,61153,1022,8927,30889,27352,82005,2834,6632,1473,4740,11235,57099,1414,32265,57099,7547,62888,44056,5339,29875,
44056,49683,4775,44056,54544,1537,74361,44056,70594,54104,81806,2543,32693,57099,669,25915,45407,54356,34901,62142,81507,7791,2086,70004,52676,34901,10431,18387,17630,62142,62142,
44110,30889,37501,5659,5659,17630,1537,71814,61153,37501,56738,81806,55082,64824,35669,48552,2363,10431,31378,6944,44632,69844,2621,16497,20973,17630,68,5339,49721,44632,25940,
44116,1473,7547,46733,49679,34903,81985,61153,14028,4775,4775,2530,57099,10429,6632,52676,6830,4775,71632,64406,64119,54356,7453,62888,49827,82005,69330,34901,64278,51114,27664,
44632,2262,7299,33107,33107,64278,44116,44110,7299,6830,8659,5784,49679,3169,44110,41327,7730,21991,22686,13613,7299,71632,67971,25437,42130,5659,25915,49668,40273,2363,81507,
45396,36290,29875,32693,81915,19089,2621,7072,2530,69330,74470,82005,40057,61153,1035,15866,19089,5291,81446,46983,41327,82005,3169,49679,49827,4775,40273,57099,25437,61153,29758,
45407,32506,25915,162,27352,16742,81446,4775,14028,31047,51502,29875,81985,2543,64489,45407,4706,5465,2338,44116,42371,40057,2262,44632,4706,30531,37835,5465,16497,3169,81892,
46029,34903,49418,34903,5339,64489,27892,4706,4706,52230,32163,44632,27553,1022,33107,82005,13613,53957,40057,7386,3169,27664,5784,16311,31047,56022,62142,8713,54315,79219,4972,
46077,1886,40879,74512,74512,70004,3658,54356,54104,1473,25115,52230,74361,2086,55061,46077,3296,62007,5784,81892,3169,74512,54769,63041,49679,22587,20973,5339,40273,2834,54544,
46733,56022,30863,25940,2543,69330,52736,2363,7547,40273,81806,44632,68,5339,37569,32506,82005,5784,54104,5465,69844,10431,13875,1380,1380,49646,3169,81915,81985,25940,1022,
46983,79219,55110,34714,70004,46983,42502,1339,2262,29719,57099,54104,8659,59500,7094,1630,45407,44116,44056,71814,57099,74361,5339,35669,1414,21991,2338,27664,6169,59500,45396,
47400,44632,44632,44632,34901,44632,74512,5339,64406,49827,79219,1380,70594,25940,54769,70791,34901,75787,69844,19089,61153,49679,49827,47400,5784,4775,25915,81915,64489,27664,46733,
48047,59507,42130,28652,28652,1414,5283,4706,3169,82005,34901,201,54769,36963,36963,1380,59500,7094,46733,68,5339,71814,80337,27671,1035,64119,4706,6830,2086,67075,81915,
48552,7053,30889,1380,2569,68963,2363,7779,25490,48552,48552,29719,55110,7779,4759,1539,28652,42065,61912,48552,1022,6944,3169,30531,39884,7791,39542,70594,49683,40696,57099,
49418,70004,20973,81985,81985,20973,5784,49668,49827,2338,30531,4706,62007,70004,44632,34903,47400,49721,47400,4740,28652,81985,5784,54769,37569,7072,49646,81892,82005,5291,7072,
49578,5291,42130,41702,49668,49668,7094,5784,5465,5465,19089,40273,26693,40273,36290,52736,5283,44116,7591,53957,42502,25915,40273,44116,7094,30531,7386,3169,34903,81915,70004,
49646,47400,47400,49646,64119,47400,3169,10431,16311,5784,17630,5784,47400,39835,50216,10431,45407,47400,44116,25940,54058,46029,52639,49683,10431,27664,57099,34903,61005,7094,7094,
49668,49418,70004,27824,9071,3296,2118,49683,81985,6632,4898,49418,81892,37569,62007,58053,44116,58492,58492,27664,24925,3519,27145,20973,25940,5291,46733,44632,54104,46733,33107,
49679,42371,5291,2262,4598,2363,45396,50216,82005,2621,22587,31378,44116,47400,82005,68,68,70004,46733,81915,49679,49418,25940,44116,22587,81985,44632,5465,42371,42130,27892,
49683,4706,49721,5784,5339,49948,2621,32319,67971,3169,54316,46733,4598,27514,27664,63041,7386,54104,70004,25940,51114,46733,2543,57099,48552,69330,44632,47400,45396,63179,63179,
49721,49683,4775,35408,64489,5465,81985,41702,34903,49721,49418,7072,49683,27824,7072,25915,10431,19089,27824,49668,55110,24925,81915,49679,5465,49683,25490,44116,16311,65660,8927,
49827,49418,46983,46733,44056,46733,70004,34903,34714,82005,59849,15866,25115,4598,52230,3519,54769,2363,49646,1380,25853,3519,3519,989,7094,58053,5784,29719,26693,7053,7779,
49948,49721,3169,162,162,21991,5784,19089,5291,49827,5465,29758,8713,6830,7299,44116,5339,49679,28652,30889,7453,55082,81892,2530,54104,49418,49721,19089,40879,52639,44056,
50216,1630,7791,3262,5283,34881,32506,6944,82005,5784,30531,54544,6830,7453,27145,37835,37835,39835,68,7591,21991,5339,29758,54544,7591,201,76792,79219,81985,7688,44632,
51114,54104,51540,3169,55762,34901,39542,51114,75787,59507,7453,81892,20973,70791,27824,25437,46983,40879,2543,54058,34699,38792,40879,52230,69844,63041,48047,2338,8713,44632,71632,
51476,51476,55061,6346,7299,27352,64489,65660,22686,10431,64489,4740,2543,51476,57099,1427,40273,33107,16311,1886,49668,8927,27352,64489,54104,3948,2363,31047,57099,61090,57099,
51502,51502,15866,57099,22686,1035,57099,2569,7386,5339,81806,5339,4598,63041,44116,7386,40273,10431,64278,51502,67629,5339,14028,5784,2262,51476,56935,2118,54315,27671,30531,
51540,55110,60440,53878,42130,74361,81892,44116,71814,61005,11235,40273,54058,57099,44116,51540,57099,51854,16311,989,46077,6709,44116,10431,52676,16322,69844,60440,6169,51854,81985,
51854,54544,20973,1539,1473,66329,54356,4898,55110,59507,10429,46077,57099,44116,82034,54315,7453,5291,46029,25490,25490,66329,16322,27352,19089,30889,7730,34881,48552,5784,21864,
52230,6346,45407,25490,7688,44116,25910,29758,65660,42371,62142,40057,5465,32163,49683,59849,54104,2398,1035,52230,23712,54126,5339,7299,2086,13613,33107,22686,7094,52230,14028,
52639,1630,51114,669,55061,61005,43576,64489,64489,10431,43576,75787,61912,52639,3262,39542,8008,61153,54104,44632,1339,17630,54356,55762,1339,81446,3169,66329,45396,25910,54315,
52676,61912,6632,44110,55762,7386,7386,81446,5339,39542,39542,29719,29719,32506,4598,54544,20973,81915,6944,25115,25915,38792,25853,7453,57099,54356,3169,81985,82005,3948,21864,
52736,50216,50216,7299,6709,34699,34699,48552,2086,57099,35669,162,64489,52736,52736,69330,2170,44116,6944,2530,201,51114,17630,52736,5784,54693,49668,1537,60440,64119,40696,
53878,46029,49679,55110,8659,34699,16311,81507,32163,44632,81915,49418,82005,57099,41702,44116,31378,44116,4775,5252,70791,54356,30531,51114,44632,53878,46077,81507,25437,29719,52676,
53957,2363,20973,49679,30531,82005,5784,2262,4598,5339,38693,64489,21991,3948,25437,54693,25490,3169,59849,53957,71632,44632,27892,52736,52736,3169,45396,64278,81446,34699,79219,
54058,76792,76792,46077,42130,34699,74361,31378,31378,44632,3826,70004,82005,69844,49948,54058,25437,21864,7386,79219,52676,54356,64119,46029,58053,5784,6830,27514,16497,2262,3262,
54104,58053,5339,7791,1473,32163,34903,81507,44056,29758,66329,69844,6944,82005,42502,54693,7791,46077,2530,5339,49679,57099,6709,64824,54316,81985,11235,81985,81985,1022,669,
54126,3169,3169,81985,82005,46983,2530,51476,51476,2170,2543,49679,49679,3169,63041,13613,2338,44632,49679,44632,70004,69844,54126,7386,17630,82005,51502,5252,48047,44632,81892,
54141,82005,67629,25115,54356,4759,7053,31378,59507,48047,42371,82034,34901,1414,2363,1035,81806,81985,25915,1630,57099,21893,30531,3262,57099,27892,27892,81892,27664,44116,7453,
54315,51854,23712,1886,50216,7688,56738,57099,3658,44116,62888,31047,39835,51502,6169,40879,22587,5339,57099,50216,27352,10429,4598,36963,59699,42371,5291,66329,23301,50216,61005,
54316,60440,64278,21991,7094,3169,49418,10431,3948,60440,60440,52676,3262,8008,51476,55110,55110,54316,69844,7453,54356,54104,6346,3169,52639,16322,16322,13875,13875,67629,67629,
54356,5291,4706,35669,2170,32693,2170,54104,49646,74470,57099,74470,67971,59699,4898,74361,1022,16322,16322,9071,9071,49721,5465,55588,6709,49948,2621,55061,81446,64824,62142,
54544,30531,1414,4598,69844,27824,81507,61090,42065,51114,34901,4972,55110,54544,3169,45396,58492,46983,1022,58492,3169,36840,39884,27352,27824,49948,4775,11235,54693,52736,48552,
54693,1473,11235,2398,4775,2621,63041,29875,34903,67075,67075,55588,56935,25915,5339,1473,25853,42371,80337,39884,82034,81446,81915,63041,64489,57099,25115,6632,7299,17630,49668,
54769,30531,27671,11235,2543,55061,55110,54769,1537,31378,44116,80337,41702,5659,47400,49668,52639,74512,57099,52736,52736,8659,21864,4706,40273,45396,10431,9071,9071,6632,70004,
55061,29875,40057,37501,1022,17630,1414,5339,6632,57099,5291,7591,26693,25490,39884,6709,55110,61090,37569,51476,42502,2086,7299,31047,52736,32506,81985,74361,11235,55061,32163,
55082,55082,32693,3169,49827,46077,40273,55082,76792,725,1035,57099,40696,63041,54693,5784,10429,34901,30889,48047,40696,1414,59500,65090,64278,27352,57099,55082,9243,21991,67971,
55110,32319,32319,5784,68,4972,69844,31378,30863,59849,44116,6632,62142,57099,44632,39542,39542,25115,51540,57099,82034,5659,22587,55110,3169,23712,34714,46077,39835,7791,39884,
55149,24925,79219,989,3296,25910,29758,42065,64824,25115,25115,27352,21864,39835,25853,25115,5659,6830,44116,725,201,34901,8927,4706,47400,4706,4706,2398,21864,44116,59849,
55588,44116,34881,31378,36290,81806,37569,16311,40273,2621,989,7299,39835,32265,37501,2834,46077,13875,54316,1427,36963,11235,66329,40273,49679,71814,4598,3169,70004,56935,17630,
55762,57099,31047,40696,49683,82034,35408,51114,39884,62007,27145,74361,2170,61912,22587,44110,60440,5784,51476,57099,44632,56022,64119,9243,2262,69330,59500,54769,29758,64119,27553,
56022,16311,82005,25940,49679,34903,82005,1022,30531,41702,54141,55762,55082,1380,4598,47400,44116,56022,49679,40057,49721,46733,2363,81915,70004,44632,64119,3658,55082,46029,5784,
56738,54693,4598,55110,52230,51476,51476,1414,1414,27145,62007,6830,54104,41327,62007,7453,42065,4598,1035,6346,51854,2621,6346,54104,2363,5339,2086,16311,27145,61153,2363,
56935,17630,68,44056,64119,56935,64278,56935,36290,79219,41327,27824,1537,56935,68963,70594,989,67971,67971,56935,3169,1380,49827,7386,3169,2262,81892,48552,82005,16322,16322,
57099,40696,2569,1630,1630,2530,2530,54141,63179,6944,21991,5784,7094,5339,67971,3169,5339,47400,25915,60440,60440,71814,39542,37835,8659,32693,81915,57099,3948,1035,39542,
58053,54104,19089,81892,54356,46733,2338,54104,6632,5339,162,10431,6169,8713,44116,5291,45407,62142,74470,40696,49827,3296,39835,54769,10431,6346,5339,3169,25915,63041,4598,
58492,7730,2398,58492,2543,58492,16311,58492,58492,54769,1473,7730,61090,5465,2363,15866,10431,10554,82034,7730,81806,58492,58492,58492,58492,58492,58492,15866,75787,50216,1886,
59500,2530,7453,59500,54104,2262,2398,58492,58492,46077,4759,59500,2398,59500,37501,33107,7547,2338,49683,1630,2338,3948,10431,51854,4775,13613,33107,81985,49679,63179,54356,
59507,4740,3262,5659,6830,22686,65660,43576,5291,27892,34699,36963,6709,7299,82005,10429,40879,59507,26693,2086,82005,81806,71814,61005,54316,22587,2530,2543,79219,74470,2834,
59699,23301,5659,1539,80337,14028,43576,61005,44116,59699,37569,54315,7299,9071,1886,2530,3169,38792,74470,6830,21893,40879,54315,3169,57099,2262,80337,32319,32319,8927,30889,
59849,60440,11235,38792,1339,18387,18387,29875,52676,36840,27352,44116,5291,82005,64824,57099,48552,40696,36290,25853,65090,7591,16311,54544,74512,82005,25915,17630,29875,55110,54104,
60440,2262,2398,44116,16497,3296,5784,44116,5339,39884,48552,82005,71632,58053,50216,34903,54141,38792,16742,31047,4898,60440,54104,44116,23301,16742,4972,16742,16742,3658,38792,
61005,4898,1035,62888,4706,5283,5283,2530,16497,22587,15866,6169,27145,13875,44116,725,81985,37501,37501,25115,20973,5339,5339,34903,5291,25910,6169,54315,7386,7094,25915,
61090,1473,1473,11235,59849,22686,25853,59507,34901,39835,10431,27514,58053,1339,55061,21991,3169,61090,4598,61090,5283,64119,27892,37569,1339,1427,37569,74470,7591,59699,1022,
61153,3296,1473,1473,30531,32693,67971,38792,6632,3169,61153,55110,25490,74361,46029,39884,49948,19089,54104,10554,51854,61153,3169,61153,31378,54104,16322,54104,22587,44632,49721,
61791,64489,71632,55762,1380,7547,29719,8659,24925,2086,61090,61791,2543,7688,55588,44056,54693,34901,34903,59507,57099,7547,54104,4898,989,34901,51854,17630,62142,74470,61005,
61912,52676,52676,53878,7547,3169,38693,61912,57099,54693,42502,3169,44116,16311,2170,67075,59699,63041,6944,57099,44056,7094,40696,55110,2530,51476,34903,8927,27145,34881,162,
62007,54356,81507,54693,51540,3519,54544,61090,57099,49668,27824,3262,34901,16322,71814,34881,25115,2086,21864,5339,32693,74361,30531,29875,54104,42502,57099,54104,1537,7730,7730,
62142,62142,62142,62142,62142,63041,32265,2338,25915,59507,36840,44116,24925,81507,11235,62142,17630,25915,2262,75787,1473,5339,49646,1022,7386,1539,8927,62142,34901,64278,64278,
62888,28652,28652,41702,59500,29875,10431,10431,10431,62888,34901,62888,76792,201,7791,40273,10431,44116,59699,14028,3169,989,46077,57099,10554,989,9071,38792,49948,62007,44110,
63041,76792,1427,10554,7386,2086,32163,54693,42371,63041,79219,669,7547,56738,81985,29875,17630,70004,32693,40696,25915,3948,3948,2543,70004,6944,54126,11235,16322,82005,61791,
63179,63179,55588,18387,18387,27671,2338,28652,70004,29758,5339,31378,71632,63179,82005,49948,70004,63179,63179,59699,59699,63179,16497,27671,27671,63179,54104,56935,54104,63179,34699,
64119,40696,1537,44056,71632,46733,46733,40696,82005,48047,2398,61791,61090,9243,5659,2338,3169,71814,3169,39542,70791,53878,2621,29875,67971,6169,44116,39542,39542,38693,64278,
64278,63041,16742,37501,2834,4706,56022,64278,36963,64278,64278,54104,52676,3296,3296,64278,34881,64278,30531,29875,74512,64278,989,64278,56935,2530,2530,1537,2262,6169,29758,
64406,7386,6632,64406,29875,22587,57099,64406,4598,1473,70594,68963,55061,64406,8008,30889,4706,2118,51114,46077,31378,14028,22587,201,10431,64406,1473,1539,49679,61090,22587,
64489,1886,2118,3262,5339,65090,27145,49646,1414,44056,34901,3169,54141,9243,17630,32506,5291,64489,57099,44056,31378,54104,81985,40273,2398,71814,71814,54356,5659,32265,29719,
64824,51854,5291,3169,25437,50216,70594,55149,54315,6632,40879,40273,49721,30889,7299,2262,2262,2621,79219,37501,5339,3519,30531,42065,6830,54141,44056,14028,59500,3169,79219,
65090,62007,62007,32319,30889,2398,38693,27352,2530,65090,74470,6169,669,74512,54104,52639,16311,52230,52230,7053,34901,65090,23301,54356,64278,45407,44632,55110,55061,65090,35669,
65660,76792,76792,8927,1886,44116,2834,27352,5283,81915,54058,71814,71814,37835,19089,44116,58053,11235,201,52736,69330,54769,11235,61005,38792,54356,61005,51540,41702,42065,42065,
66329,56935,54141,8008,201,2363,27671,27352,989,7053,61912,43576,35278,81985,54126,38792,51476,61153,21864,64824,53878,16497,2530,67629,4650,52676,52676,7453,59507,37835,25853,
66525,66525,68650,68650,66525,68650,66525,66525,68650,66525,68650,66525,68650,68650,68650,66525,44632,68650,66525,989,10431,66525,68650,66525,66525,66525,68650,66525,66525,66525,68650,
67075,9071,76792,1022,10431,34901,37569,50216,3169,9071,16311,2834,5339,2543,49948,44116,49668,21864,38693,5784,44116,22686,42065,2543,7299,71814,54104,11235,1414,30531,42130,
67629,67629,69844,63179,64278,51502,27145,34901,2398,65090,27824,67629,82005,1339,2363,67629,2262,5465,34901,67629,2621,59849,56935,67629,67629,49827,44116,54104,44632,17630,6346,
67971,3262,5339,57099,10554,1022,3169,64406,64406,52676,24925,31378,62888,64278,52736,67971,82005,44116,57099,10429,35669,67971,67971,7386,7386,4598,82005,54126,24925,67971,61153,
68650,68650,68650,66525,68650,68650,68650,68650,66525,68650,66525,68650,68650,68650,66525,68650,68650,68650,68650,68650,66525,68650,68650,66525,66525,66525,66525,66525,66525,68650,68650,
68963,62142,81806,2118,7730,68963,44110,52230,44116,68963,71632,51502,44116,40057,19089,54356,52676,6169,61153,1035,68963,81985,23712,54356,56935,65090,6169,68963,30531,68963,68963,
69330,70791,70791,54356,26693,32163,31378,69330,32506,44116,61005,14028,35408,69330,52639,52736,22686,69330,7094,41327,4706,79219,3169,74361,41327,69330,55061,30531,30531,7386,25490,
69844,21991,37501,34699,3169,40696,46983,82005,54104,58492,58492,51476,49668,1886,64278,17630,62142,40696,54104,5784,58492,49679,62888,5784,4706,20973,38693,25437,22686,81892,44632,
70004,53957,7547,42502,33107,5784,81806,24925,71632,74512,81892,13613,10431,5339,54769,3169,1022,3169,44632,3169,3948,81915,39884,49679,25915,40273,5784,56738,44632,44056,81507,
70594,54104,16311,1886,42502,7094,6346,7386,62007,6169,27824,49827,41702,8927,36963,51502,3169,3169,3169,201,44116,7779,49578,70004,69844,64489,82005,21893,44056,5283,6830,
70791,10429,28652,57099,36840,70791,64119,23712,59849,1380,35278,51476,7791,64119,54104,6169,54104,5252,19089,42502,65660,56935,51114,1035,1886,61791,30531,34901,34903,56022,79219,
71632,10431,669,2118,31047,32163,70594,55061,69330,29719,7094,2621,2621,44632,6944,33107,4650,669,81446,7386,5784,81892,82005,27664,25940,2086,64824,52736,49418,71632,2170,
71814,3169,21991,56738,46733,59849,27352,3519,5252,45407,37501,69330,7386,5339,10431,5339,34903,32265,67075,4598,7730,54693,4598,2569,82005,68,6632,1339,64278,2363,23301,
74361,57099,6944,44116,32693,71632,46983,41702,49827,61912,34903,49683,44632,34699,34699,65660,55149,54693,32265,51854,35278,7779,48552,2621,49721,54693,1630,57099,54104,9243,34903,
74470,74470,6830,3519,29719,4775,49683,74470,57099,44116,19089,1537,3826,60440,46077,74470,80337,74470,54104,82034,61153,16742,5339,57099,53878,16322,5252,59849,59507,58492,49683,
74512,70594,2834,32693,55149,44116,37569,54693,2530,57099,21864,3169,4598,74512,82005,41702,15866,81915,46077,71814,3169,3262,10431,44116,46733,21991,46733,36290,18387,2398,2398,
75787,7299,22587,44632,82005,54104,48047,81892,57099,10431,49668,1380,54315,34699,7386,50216,7591,3169,2338,81915,3169,21991,2530,79219,3296,41702,81915,3519,57099,16311,14028,
76792,36963,22587,2543,46077,2338,5784,35669,35278,27671,55061,76792,37569,36963,40879,76792,54316,76792,54104,31378,62888,9243,34901,76792,70004,42502,81806,76792,1473,76792,55588,
79219,27671,1537,61791,6346,725,64119,10431,2621,19089,49948,82005,4706,79219,53957,70004,36290,64489,82034,63041,63041,2543,17630,1035,1035,82005,21991,5339,1035,67971,68963,
80337,55061,29758,2569,61912,61912,27671,3519,74361,80337,56935,46029,49668,68963,68963,4972,64824,28652,54104,3169,21864,54356,44056,52736,39542,63041,28652,44056,64119,60440,31378,
81446,6632,25115,32693,81892,54316,54769,79219,1414,3169,49578,162,3169,61153,54104,69844,46077,61153,2621,42371,32506,3169,1537,3169,64278,3658,2363,2118,59699,21864,2530,
81507,63041,34714,8659,48047,81507,81446,81507,42502,2398,2398,5339,17630,1380,81892,81915,34714,1035,68963,5339,3262,55149,43576,5339,5784,80337,5339,81446,3169,14028,6944,
81806,27553,725,5659,70004,37501,7453,2543,54141,6632,27824,56738,1473,61005,989,1630,16322,31378,29875,4972,46733,25915,1339,19089,25915,81806,68,8008,5283,2530,27892,
81892,63041,56935,81985,2363,42130,33107,8008,82005,29719,62142,82005,34903,21991,22686,44632,29719,4706,40273,3169,1630,70004,75787,54058,46029,1537,68963,5465,44632,5659,7791,
81915,54058,30863,3169,7053,81446,81446,54356,1035,49827,31378,3169,81892,64119,55762,69330,7072,24925,19089,3169,6632,57099,49418,4775,64278,39884,3169,49679,49646,3169,49668,
81985,1380,81446,71632,71632,81915,6944,55082,52736,81892,63041,33107,25910,47400,40273,10431,20973,19089,2621,5659,74470,44056,4898,59849,35669,34901,1414,34901,34901,61153,75787,
82005,32693,2262,2398,46983,2363,10431,47400,1022,81446,32693,1022,46733,81915,82005,54544,38792,5339,45396,34901,34901,3169,40057,70004,59507,3169,3169,68,5784,49827,24925,
82034,79219,79219,52736,61153,7547,32163,61090,2621,52736,56738,25437,62142,44056,32163,25853,14028,13875,61005,2621,61153,25437,21991,54104,9071,42130,42371,2530,2530,37501,44116,
