68,31705,10915,29224,17630,75732,10239,68,49781,
72,10973,72,2846,18835,17796,26815,5818,19813,
78,44390,16742,2713,81446,59184,57638,6709,4417,
89,55586,30456,37259,13776,30150,5659,71797,55382,
134,10310,48078,73579,54457,19813,1406,49546,81959,
162,957,4768,28746,823,7299,54347,7195,43576,
164,4697,5723,19160,24719,199,59298,51399,2795,
180,25490,61153,81957,25455,57457,5294,67548,52302,
181,16118,49544,181,5664,181,32505,2509,46733,
188,13809,58443,29321,9243,22295,82524,20712,68522,
199,81906,20712,55685,5987,19073,3478,81894,55685,
201,45353,5339,30031,60216,4706,62432,10383,7169,
238,81959,29875,3255,2126,5851,38695,1473,11272,
253,63576,26206,81984,45435,9157,56022,10431,5053,
272,29394,4655,31373,52706,1657,30799,28067,29394,
307,19160,21763,63041,63153,7944,4972,49544,10431,
316,82185,18457,316,2150,46029,77020,60106,10431,
365,7195,16691,59984,58289,6379,45944,61304,37986,
438,49546,50316,27514,46268,3804,438,19274,19274,
445,5339,35669,44758,13422,37569,37675,43774,76620,
669,26164,81984,16289,61544,60510,61153,31503,34903,
725,11235,37259,1677,62007,33107,27514,81630,725,
740,62142,1264,67548,81999,81858,5636,59109,64904,
762,60029,37259,76566,3826,44388,55328,55685,6169,
772,55697,5849,3255,39742,63637,53721,762,25853,
801,77020,9071,18835,55064,54325,81912,38604,42371,
811,26749,38604,2244,23570,5367,14031,164,36840,
823,989,16591,27493,3240,5594,5353,6944,59984,
864,69611,24586,7038,49546,38519,66329,41327,1414,
876,71797,6945,45750,26510,65040,951,44110,52706,
888,66517,69844,37932,888,39032,35091,15963,20028,
890,57457,68966,30531,49408,27464,35391,30264,40267,
892,46029,4972,44929,16118,51081,20217,55151,4775,
951,20013,69611,77020,62788,82445,11216,75878,77020,
957,3255,57727,54389,1657,3940,64528,3804,52676,
989,51854,3940,17530,4876,42716,32099,3020,16118,
1014,81889,1014,49542,50145,54769,5339,42580,82525,
1022,44388,45396,13700,890,50449,30644,44390,69330,
1035,78677,60440,5339,19160,5266,55382,1035,4040,
1074,4655,2426,16896,57748,22965,64426,68,7430,
1085,4507,49409,35436,1085,1085,2126,82171,23570,
1105,81984,23629,2118,46619,2550,46619,37710,19274,
1121,45435,73980,27671,5729,43774,8792,801,51475,
1264,45750,81883,17530,23041,49574,25691,7222,26809,
1278,5987,25691,4762,63041,52364,39191,25455,37362,
1339,27477,16103,5987,64615,49827,51399,62007,5060,
1340,54389,1340,82528,9068,31532,22289,75909,7455,
1380,43576,3255,2003,81999,82414,44491,34901,5053,
1406,62286,3169,26510,4326,2625,58787,6916,66898,
1414,81914,27721,54389,45759,46044,66645,81086,3478,
1418,2543,37932,9106,1014,38050,5339,4768,1418,
1427,61304,42371,19073,25910,6709,16742,54544,2605,
1445,38488,2734,55893,6169,30079,66659,55110,43768,
1461,1657,73980,69330,37710,199,38870,82446,52718,
1473,29764,81893,7038,52511,5987,57638,438,5157,
1537,6051,864,7116,70461,8594,3255,77020,2621,
1539,4706,4650,307,81806,27970,81115,823,19089,
1605,5784,9264,1605,957,14076,2578,801,5288,
1613,16094,69962,81893,50281,6437,3359,23041,35773,
1619,2509,23570,53725,50465,15773,13809,56935,80337,
1627,49718,1627,23629,81985,49418,2795,6270,27851,
1630,30456,7779,1630,39191,27082,7455,63153,67633,
1653,71651,40696,66451,51677,26735,2734,50958,57310,
1657,60029,1710,30531,6051,25455,2846,26474,20217,
1677,5987,53721,10383,199,22169,76792,62061,54104,
1710,30456,49734,2126,48078,27892,66329,51572,43774,
1724,59298,46107,5315,27493,8792,52302,51049,17530,
1807,2177,54858,74061,45124,32330,63637,70937,27477,
1886,1406,46044,42478,36565,23860,13510,59507,10429,
1905,79873,43768,79873,13422,2197,22686,199,33629,
1920,81499,54540,2530,69385,74255,6060,71651,23860,
1928,30531,15773,44632,37710,9013,65983,36573,81893,
1959,40725,6437,32713,1121,81891,1807,38933,71902,
1984,66517,1710,70461,49418,15866,52364,55893,73438,
2003,18956,45797,50023,52676,50146,1627,37259,3169,
2077,65545,21763,46107,6714,79982,60029,890,2283,
2086,199,253,21893,55563,2077,19160,45435,49324,
2118,26164,6709,26853,73451,50729,39255,60888,63576,
2126,38604,45434,22617,55550,62156,199,199,46733,
2134,36545,4293,73980,38813,23041,38441,7616,2175,
2150,47463,4655,6632,28561,5723,7430,1984,2150,
2170,2509,3255,50958,81963,34901,18207,49819,60023,
2175,1928,3487,76566,76620,41970,40457,37199,54389,
2177,69952,37986,1014,20973,66898,50449,37474,81889,
2179,17530,2179,6632,52706,4657,4722,21597,81883,
2197,23041,50220,38050,80251,21514,56022,23570,10239,
2202,2493,51469,54254,38488,46029,44390,45780,49890,
2218,55149,36277,82104,1807,81115,9264,45821,30531,
2244,29394,82394,2543,21719,65965,51492,7299,43774,
2262,27262,51475,59184,54347,51049,82446,27262,27262,
2283,3478,54389,50650,39255,53599,59234,56022,16311,
2305,30082,27664,47463,4706,6806,2543,4417,82438,
2316,45759,60901,58735,35091,36822,5077,89,62018,
2318,54104,54254,27664,5252,62432,4972,81889,37199,
2338,24925,16896,3519,81889,10431,27082,60029,3788,
2363,3202,16311,20137,49819,38703,61333,54540,49781,
2398,40457,7041,54193,69385,69611,6999,38695,64581,
2426,11093,70141,5405,80337,199,58273,51854,35408,
2491,2491,30264,181,33263,14031,62432,58505,35669,
2493,22965,81891,20028,38813,55092,22617,7053,49961,
2498,3255,49646,50825,73980,36806,5594,43774,50036,
2509,40696,4417,59298,25817,1380,49714,81959,81906,
2530,4768,13875,71724,60265,13700,3519,57310,2530,
2543,18967,27245,33263,32157,28615,24670,6830,44056,
2550,69351,40902,49734,55697,61465,68966,64241,43768,
2567,42394,26815,56262,989,42716,58068,5687,4655,
2569,66564,38050,60029,8659,2175,15760,5339,14031,
2578,3255,63717,49749,82034,37932,29361,50148,50145,
2585,56262,7453,3487,81894,4768,3478,7605,63091,
2605,1121,801,3322,55642,45821,5315,66517,50023,
2621,740,26208,70141,28201,8385,27145,61347,40457,
2625,50650,29483,32265,33107,59234,32036,39255,50217,
2713,81957,14004,8385,43978,6806,59234,38604,64581,
2717,27664,5353,82329,65872,81889,43768,8265,9013,
2734,50825,76517,51492,30823,81906,22617,11216,50148,
2795,45178,52736,54104,23301,26707,26809,2578,10331,
2834,7386,69611,55763,55437,3498,56002,82034,9070,
2846,5987,5849,59507,34903,3885,73579,26208,27664,
2903,54110,48047,60749,4722,3478,11235,13550,63717,
2931,1264,49890,2202,47400,40488,45146,13354,81915,
2965,50465,51540,50316,58907,13354,81889,61465,65872,
3020,27145,38604,38792,28561,2077,20137,82394,9013,
3061,199,7222,55082,30823,44507,44643,45435,17530,
3156,199,45435,22617,34511,75878,4417,42716,48078,
3169,81999,1928,81889,1085,5477,50075,2795,10871,
3174,27970,45435,26853,19160,36822,72375,10429,33508,
3201,44632,55541,5636,21335,36573,36545,5659,3296,
3202,27664,30644,42249,4014,76566,81883,49574,54325,
3240,28573,52230,7094,8634,60029,55758,64241,30660,
3255,61921,39742,16322,27494,37362,57310,38441,3478,
3262,3519,888,60749,2621,3322,3686,33401,14076,
3296,8956,21149,3835,62286,52302,62888,33629,81963,
3322,47559,57727,45435,10431,13809,4799,22686,25434,
3359,22965,43768,79271,61544,64824,2426,1984,1886,
3389,59109,26245,64528,3835,26245,27082,34347,38025,
3422,3255,32319,3240,25490,55149,32157,40894,28615,
3478,64278,3255,43576,51501,65831,8594,29954,6833,
3487,50465,3240,2509,14031,46107,11272,22617,70461,
3498,1473,4598,6346,54389,44388,81115,55092,31910,
3519,4972,50071,8292,57479,52676,3519,5987,8713,
3531,5252,7299,10239,46050,1035,957,7464,8713,
3567,20137,54769,48306,52302,1380,81957,45797,43768,
3630,82394,50316,49714,30531,3940,3255,29949,253,
3658,67082,59984,66564,35091,49890,164,81894,45797,
3679,49899,989,59376,43576,17223,24931,19683,9037,
3686,48306,32163,71724,73579,48047,14028,49831,7195,
3714,31378,44056,34714,2086,13781,59500,5166,33508,
3783,3783,61544,40457,16006,37384,82438,18387,22617,
3788,5465,6270,4507,42466,7712,7712,5636,81959,
3804,57727,2179,35278,772,20973,26245,51634,24931,
3826,73579,8292,33629,78740,1264,15863,38960,7712,
3835,54141,16742,3255,82267,59500,50460,54104,37259,
3853,53675,8182,22617,26735,43774,82528,9068,61005,
3885,10915,79163,55064,6916,19412,54104,81914,37710,
3940,54731,52488,1035,48078,2713,51797,75847,50940,
3948,4014,9048,3478,21514,8385,15760,6833,81883,
4014,51797,43768,5036,81889,58656,3255,30660,54356,
4040,57099,80434,6916,55839,71632,6833,5053,7053,
4083,81858,6999,58505,15760,81891,62318,23570,51492,
4131,43978,21335,49574,69611,4794,27262,81985,4417,
4157,10111,46983,39258,3686,57099,44056,28421,58505,
4293,199,55328,81959,16002,59984,18457,16118,30041,
4317,4014,29552,69611,57544,43768,49563,34903,43212,
4326,46733,65040,48306,23570,21991,81770,52676,49890,
4368,46107,20712,5385,1445,4368,32507,6833,2262,
4417,81959,65040,81959,8594,21991,49409,49546,19073,
4443,1105,65209,1539,58443,19502,23570,62286,71651,
4507,3202,46733,44747,37675,37199,43768,56774,4706,
4520,62142,49890,29552,21991,62382,51476,54110,82446,
4598,2509,81889,67082,36045,63179,5252,22767,2363,
4650,57457,11216,19274,8098,53725,46044,50235,5987,
4655,55395,34901,67374,9013,5060,29394,49419,31532,
4657,6791,56262,79271,10310,34903,53725,42502,21763,
4697,9029,80500,3788,81893,51476,81770,199,64119,
4706,1605,16774,38703,27262,6999,50023,22587,49542,
4722,35426,46619,49961,64278,13550,4083,6051,4722,
4740,42478,16079,43768,81959,1605,40879,57310,81115,
4759,65090,50023,45182,67105,8008,66479,22767,39463,
4762,4799,28615,49647,31705,29224,8927,5367,24215,
4768,47853,29578,64581,10310,65589,70587,34024,60029,
4775,45146,6435,50220,45433,3156,45407,4317,81770,
4792,62007,82525,59491,40696,28067,199,60029,41327,
4794,9013,35436,81465,33629,740,76845,2150,56935,
4799,34903,82528,762,64241,16497,4951,25565,55586,
4851,30456,22295,25544,29224,2118,46619,51540,59234,
4876,40894,56935,18956,20028,1653,43774,25915,49778,
4898,24133,13569,2530,61153,66659,5294,27082,27262,
4951,21906,51476,66329,5849,8265,54356,4951,67594,
4972,48764,888,9048,13831,81465,39534,3169,2491,
5019,15963,37710,22767,8111,52718,51572,64116,59507,
5036,2134,15863,35408,45124,26815,50650,80705,30264,
5053,69368,76845,74512,39558,2493,2605,51502,45817,
5060,81999,5060,51797,37710,81889,54038,5060,40488,
5077,6944,22617,37932,81957,82171,3804,5987,1537,
5155,181,64581,51797,30150,2493,8008,2318,9106,
5157,55082,27145,1340,8594,9037,15760,9088,34489,
5166,28421,11272,2795,81999,16002,49683,19160,53725,
5252,8594,41970,5155,26703,72079,42130,81889,41613,
5266,4417,3478,6916,199,77122,26809,16742,55642,
5283,19412,79873,44116,6830,80251,316,6379,5749,
5288,49732,49578,11216,3255,27671,253,75847,32330,
5291,44388,2177,38519,39742,26809,81891,82171,36277,
5294,32163,65983,2713,61153,49574,81918,46107,30264,
5315,55092,2003,59109,53721,2086,19502,51049,1905,
5339,3478,17530,11216,43224,27245,3630,77122,199,
5353,5353,17630,10973,53599,41392,38813,8155,70461,
5367,2530,4722,5053,4762,59984,32505,2509,2567,
5385,62432,58735,58807,55586,80434,43768,67761,38693,
5403,81963,81984,27046,55382,40100,45407,4507,26707,
5405,26735,50781,4697,30985,2363,27262,55061,46077,
5414,10554,2338,76620,60749,54731,34489,49749,19683,
5465,45124,1627,5563,51572,69611,46268,45780,6999,
5477,70141,46733,44929,7302,51399,51677,69611,49777,
5563,42478,81906,7455,5077,74208,5664,36773,49668,
5594,44056,5385,44116,66479,2118,49647,63091,51854,
5636,5828,6632,7094,2795,4014,2262,11272,49714,
5659,42716,57099,82185,59849,67082,68966,7299,21991,
5664,62382,3853,40725,78892,81999,1677,2567,7730,
5687,55586,29764,42065,10973,25696,19813,7299,1807,
5723,61304,38441,54540,3478,73579,45821,75909,6944,
5729,15963,75847,2498,26973,55110,8562,20712,36545,
5749,22289,3940,54457,5749,4598,32163,34364,4598,
5763,54254,45124,16896,20013,38050,50146,5851,49695,
5782,1619,2150,69351,43774,71651,34901,62888,48078,
5784,48450,49890,438,55061,6833,4507,48764,25915,
5818,5385,43576,199,38695,7169,13569,44056,61304,
5828,81858,49563,21991,38703,46619,2283,3202,8382,
5849,38808,36573,7654,5849,201,51522,5942,5053,
5851,7547,1418,2734,23570,81465,67633,61791,19160,
5942,5053,27493,5942,5987,51492,5942,5283,4768,
5945,54254,20013,21554,7633,3169,54533,49543,42249,
5987,3630,4417,3826,1473,58735,54038,51501,82528,
6051,70205,1724,31705,81446,6999,11216,48552,33629,
6060,32505,2965,3826,38604,16591,52488,13700,6060,
6169,4368,5339,1445,11216,41702,9228,26693,62156,
6270,16118,4083,58807,36545,5339,81891,8099,81858,
6295,1677,72375,3478,79163,31998,22295,44110,64454,
6303,16002,82034,81806,82525,6313,30456,32547,67629,
6313,5749,50145,40057,49778,20712,55064,37569,26809,
6346,1984,66479,21423,59376,65094,4762,6346,63153,
6379,24215,42394,59699,61333,26164,50216,272,4740,
6420,49410,49647,8956,61791,58787,38932,81889,16604,
6435,50148,40725,4417,28421,15963,669,49665,16118,
6437,30823,43774,14076,81906,36311,22686,32330,199,
6451,42130,2363,5987,1657,669,1724,1657,16118,
6458,81999,16591,3255,7259,2491,27567,16544,66582,
6632,41719,80500,55395,38488,13809,65040,64906,54048,
6709,53639,67548,73143,5339,63153,82438,75353,2244,
6714,64278,49574,3255,17450,79163,57099,79219,36573,
6791,19160,65209,31910,55149,43538,38822,2170,63041,
6806,55061,6806,51557,67374,39129,6806,32099,6806,
6830,40879,76517,27262,82528,52706,1461,2175,59699,
6833,81891,2530,65589,29764,38695,9048,3169,47400,
6916,5818,49646,4417,20712,2621,35091,20712,13474,
6944,5060,951,49544,3478,6313,44632,5060,54110,
6945,38808,9070,42217,51114,49646,79982,2846,1414,
6977,6379,55563,199,16591,65589,58289,50460,4083,
6999,2202,53721,49783,5987,35560,6458,73579,49409,
7038,27872,31759,40267,4706,26973,81999,36290,16311,
7041,42249,5367,55149,2605,21893,18207,42064,1461,
7053,42478,10383,26430,8713,59370,1677,762,8008,
7072,45434,81906,2118,30531,2179,8594,19089,71651,
7094,47400,26245,81918,8265,53639,43576,6977,4697,
7104,41392,4706,44758,68133,26749,50023,81918,64824,
7108,49543,50449,43212,27082,81985,1022,50071,49690,
7116,44116,55110,35278,66590,6944,45780,9037,49647,
7169,4293,13776,11093,70937,26457,54316,61465,15773,
7195,44643,44056,6944,1105,28652,5729,49732,3630,
7222,3885,54769,44116,65040,37675,63717,25532,39129,
7225,38025,18967,27082,58289,35482,3202,4520,41405,
7259,30079,3478,864,892,7041,54316,16289,6420,
7268,3478,52511,49665,60901,45407,45124,55328,8880,
7299,21597,51812,37041,73438,52706,36277,51797,2493,
7302,5339,45182,49408,35436,6999,49819,23570,50075,
7386,22686,7386,56738,27245,2713,54048,81957,46983,
7430,52364,21423,57638,164,7854,30456,75787,39578,
7431,1905,4655,39583,41436,54104,49668,44056,17630,
7453,180,19683,13422,7169,62156,3255,39835,69952,
7455,1653,5987,2846,59234,59849,20137,52302,6632,
7464,3169,27245,823,46077,66582,79271,1920,33629,
7547,3262,49668,199,26973,36311,29719,40198,4131,
7591,13606,38813,16544,45821,50465,7094,3255,82175,
7605,6833,3255,55238,6945,2498,43978,63153,5465,
7616,3714,34881,22194,32265,2086,67105,38960,16322,
7633,39583,888,58402,59013,2621,64581,41702,63041,
7654,28630,8155,36840,59370,81889,25115,20137,34489,
7656,60023,81806,21705,37917,62156,35278,62991,42065,
7688,13781,2530,7688,5664,26208,7656,3885,13354,
7712,40488,63179,49418,29552,45433,80434,5465,37710,
7730,27082,60029,36277,6806,54533,58492,21423,8099,
7779,5294,6830,71902,11216,48552,26735,21335,67277,
7787,6916,3478,66604,19160,2305,26707,78,65545,
7791,19160,41327,11093,19574,49695,7791,7791,14031,
7842,5849,68133,62991,37295,42064,71724,13809,80500,
7854,4706,1418,61304,54348,44507,17530,69631,2426,
7902,21089,39742,5987,69385,199,68966,7902,2713,
7944,9013,82175,61823,30531,3020,34901,41719,2931,
7973,43656,6945,2550,2795,26510,27145,5749,49544,
8008,39884,63179,8792,29949,59644,28067,69368,5353,
8037,4876,73451,45434,36545,1406,17388,1035,55893,
8098,16896,41908,8098,28496,4317,53599,81963,77020,
8099,40057,30079,7973,7656,27664,10904,10431,81446,
8111,2398,45750,6806,61153,60901,54141,64506,57099,
8155,48988,40696,81770,67629,9228,3296,66590,1928,
8182,10281,2543,31910,37362,31553,64824,58289,55800,
8265,438,71632,1105,50142,46619,4951,23712,30889,
8292,2621,9264,8634,30079,48047,37541,5288,52510,
8350,2543,67277,10431,52510,8594,80705,54457,25565,
8382,6420,39255,7041,27721,32319,6916,7302,31759,
8385,79873,41392,199,34347,6830,32157,8562,38808,
8517,62432,61090,54356,26430,80251,30264,44110,2621,
8562,24146,37384,45124,2218,34901,59013,10554,41908,
8594,24215,4507,49831,7302,10431,49714,50869,49668,
8634,10281,44134,3804,5339,199,7591,63576,24160,
8659,59984,1627,31608,50825,45817,823,27245,2585,
8713,61791,2931,29552,72,10310,36573,59507,38519,
8792,42371,253,7633,49546,2118,22169,38808,8792,
8815,3478,59820,18387,20712,5659,52230,41908,65872,
8880,39583,64278,46044,3389,72079,70684,54356,30150,
8927,67883,61090,44116,64426,13510,30031,55550,32893,
8956,7973,6806,50023,55893,19160,49647,71651,8956,
9013,3255,82288,24146,22617,43656,42207,34344,6295,
9029,238,54038,51476,38822,20712,81959,4697,4157,
9037,42466,29875,27245,30456,2621,38813,39558,16591,
9048,4368,8956,25455,64116,16604,52302,42502,3948,
9068,2338,35821,10513,46107,26707,9037,35436,53725,
9070,45435,49781,37295,2498,62432,54315,10915,50650,
9071,957,10871,37199,25910,25434,36277,54544,4014,
9088,50940,82445,41719,31553,59500,180,54858,52488,
9106,27553,33629,62788,43212,26510,27082,58505,81891,
9157,30823,49827,22965,49408,4697,49570,2498,67374,
9228,45435,9228,22844,8099,9228,29394,58735,48306,
9243,2713,20973,38808,199,4417,4326,9106,6806,
9264,64506,7854,3478,72375,7094,31503,64477,20775,
10111,49718,27664,3567,45181,32547,38488,49544,45146,
10239,10239,43212,54533,81894,55758,21554,39191,22233,
10244,7053,66517,82104,8927,29483,61912,5339,55238,
10281,5818,19412,39032,64278,50958,272,3853,68522,
10310,61823,73579,73980,9070,63091,1724,1605,1035,
10331,10431,13700,67883,22169,38025,67594,41327,27892,
10383,41613,5594,19694,4792,34881,64426,1724,3156,
10429,1710,25490,7944,22289,134,21423,59298,63153,
10431,7712,48306,68782,56162,37362,45181,43774,2498,
10454,74208,50142,9013,45433,32163,1724,876,14031,
10513,1724,44747,5315,21514,1278,4417,45992,45821,
10554,69962,6458,2585,1710,5353,2605,74470,76792,
10645,5987,180,1677,3174,13809,13776,9264,47853,
10871,2567,5315,2118,7431,16103,4655,73451,21423,
10904,63153,59228,59376,23570,29558,81891,43768,37501,
10915,10871,64406,30264,66898,39463,50940,61823,37541,
10973,70684,25565,2530,31759,37569,10331,2543,22295,
11093,69368,1473,27664,81499,42064,75878,11093,28573,
11208,13550,46029,740,4326,51114,5339,1627,16311,
11216,50146,5987,5053,26777,25434,55437,39129,43768,
11235,72375,26973,3359,81893,8634,8098,81959,47461,
11272,56022,16118,33629,9106,989,8099,49732,20973,
13354,1339,81770,31759,316,38813,60029,81889,3826,
13422,32163,2621,79982,25434,46050,30644,7712,6346,
13474,58068,47463,43774,29394,2625,21514,4598,5367,
13510,2177,54048,67075,65965,7854,80251,41719,2585,
13550,58735,73579,40198,39884,1886,29123,82394,56935,
13569,1264,55642,7430,43212,26497,13809,438,39558,
13606,36290,38792,4083,6945,43774,4507,38604,50449,
13613,54038,162,32713,51797,81889,1085,59984,3255,
13700,65831,5291,3630,74361,1630,2262,29552,26777,
13776,5414,42394,29224,39032,63091,51854,54315,44056,
13781,26777,7455,5987,2170,22233,80434,44632,63576,
13809,29552,46654,42130,81770,26777,6806,67633,2509,
13831,44388,71651,22233,60029,38960,67082,67142,64406,
13836,82394,41996,29361,16497,48552,801,44632,38813,
13852,29764,7944,44388,7268,49665,61921,32157,2150,
13875,162,50216,62991,2338,82394,37932,16497,67633,
14004,75946,30889,4792,50216,62991,1022,42394,9013,
14028,7730,43538,13809,30823,26430,60749,29321,5828,
14031,3169,45435,4083,11216,26332,1959,4794,3478,
14076,82528,1613,3174,10454,49574,33401,1905,4951,
14131,2931,73579,8634,24925,57099,3487,3169,55151,
15760,8880,4417,27664,22844,7053,5987,38604,67853,
15773,37932,1886,31378,81985,1619,41392,4507,73579,
15787,82005,9068,5987,65040,26457,7787,82394,41719,
15863,39463,73579,32893,57638,16591,32099,78677,15866,
15866,1905,18956,81630,1619,8713,199,69631,29552,
15963,38932,7225,81999,78892,2509,58402,5053,6916,
16002,16002,1920,20212,5987,46107,316,26735,69848,
16006,59849,10645,34344,66479,4507,16006,39215,62018,
16079,6977,5291,9048,5828,2363,58505,56738,3885,
16094,49570,17530,33629,41996,38693,74208,45178,54356,
16103,2713,16497,37041,1619,61921,1920,7169,28652,
16118,53599,2202,81883,82005,50281,69844,1605,36545,
16131,27046,64506,28746,51797,54058,3061,51557,81891,
16289,40198,60265,51567,72684,7094,2077,70684,17630,
16311,52230,29552,6270,80434,50336,2569,18967,438,
16322,65872,43768,33143,60029,50460,70684,2578,16006,
16497,6458,62061,8927,9088,7169,40457,6346,37675,
16544,5784,49690,30889,8155,43535,36806,81889,49679,
16591,48047,9013,43538,55151,64489,82267,2717,45750,
16604,26973,7259,61912,8815,36290,7041,76443,55061,
16639,59984,29875,7430,13422,24160,1619,14031,238,
16677,49647,29578,17803,27477,6806,19089,69351,4792,
16691,4898,2491,77020,22169,9029,13510,24133,82394,
16742,4417,3255,5053,51677,11216,1339,78,5749,
16774,16591,1085,49418,15773,16774,44747,15866,6458,
16896,81883,54048,46654,66479,45750,45780,45124,53599,
17223,3679,26777,51049,65831,82394,25532,2491,4792,
17388,58807,892,67629,2170,3487,890,21600,64528,
17450,3169,81858,72490,42394,81914,81963,75499,51476,
17530,55082,54254,22965,67082,36545,43978,77020,3169,
17630,201,21893,5477,65872,181,29949,58787,5288,
17796,64581,9048,27494,49543,15963,65831,70461,21423,
17803,162,3679,71797,4876,39255,8265,65660,16742,
18207,7455,32265,14031,45396,75847,30456,5636,3255,
18387,65040,5594,1035,3478,27493,65040,1630,2077,
18457,38813,19586,5294,10645,51854,17388,36565,21423,
18580,26693,61005,22844,54104,32893,67629,59228,37986,
18835,21335,7104,4417,42249,33263,44831,7616,41996,
18956,44116,49574,4157,2931,21514,4507,22617,32506,
18967,50449,21423,32547,26703,69330,11208,25940,16002,
19073,19274,4083,19073,60749,2846,5283,67277,35278,
19089,30264,55151,58443,3788,69368,3061,9029,21148,
19160,28496,6714,9048,31373,78,30644,3835,43768,
19274,32483,2003,59500,35586,3202,24925,9106,40457,
19412,67761,76845,19412,60510,3255,45433,42064,45759,
19476,41996,49408,81858,27213,48306,1085,28746,21089,
19502,3630,64477,28421,55762,8880,30456,27262,82171,
19574,47461,37710,39558,81893,57544,38703,47400,82034,
19586,7712,49961,69611,81893,49781,5636,3567,49543,
19683,31608,42394,199,44116,36822,34344,801,3498,
19694,80434,61090,55110,50940,18835,2931,42478,30644,
19813,69962,669,8713,58053,54126,5729,5077,62788,
20013,2003,15866,66479,51812,28573,1418,16639,24670,
20028,55110,3322,40100,2550,2077,37675,54316,58505,
20137,20137,56935,54389,5987,4697,59644,7222,7430,
20212,3478,46107,66604,49324,44056,67082,70931,1473,
20217,29954,31998,51572,81999,51557,20973,54348,81893,
20712,66564,1677,18387,51049,5294,79219,63576,81630,
20775,29764,25545,26332,55800,38604,2605,37384,20775,
20973,66645,4851,62018,81959,3255,50650,81858,1619,
21089,5818,43768,5636,50729,9264,17450,49890,5987,
21148,3478,52511,11093,21148,21148,5166,82171,4898,
21149,53675,73579,18835,54104,24133,64906,31910,28561,
21335,81507,60194,6806,67771,59644,57748,4794,201,
21423,2305,71651,2543,65965,4657,52676,27352,31373,
21514,34420,73451,17796,35426,64528,28409,27145,50036,
21554,5849,5339,740,8099,29483,52639,67771,14031,
21597,7688,39583,6709,35669,70587,24586,69351,32713,
21600,51475,4697,17803,26497,19412,72375,38050,26497,
21705,10915,33401,199,34901,37675,26510,25434,3255,
21719,65965,5784,38333,27477,59234,19476,69611,2493,
21763,63198,63717,10645,2621,8517,2086,66898,61465,
21864,3322,81893,49732,80500,5077,26457,864,30660,
21893,48172,23570,81985,13510,162,2530,24160,57037,
21906,5403,66479,58466,19160,1539,365,50940,9013,
21991,5987,7616,49668,81770,58505,33629,49714,77020,
22169,40725,30531,16079,4417,36573,49732,35586,25915,
22194,61153,36773,46029,8098,1473,36773,316,54254,
22233,74685,7902,49324,3630,7730,6806,23570,37362,
22289,64824,81963,54104,13354,199,63576,60106,65040,
22295,37474,81465,39255,5749,3255,8927,2175,43535,
22587,27213,81959,26618,69844,6295,17803,27824,43768,
22617,58053,45182,38604,7730,50958,51114,81630,50465,
22686,24586,22844,957,26703,1539,19160,81918,2567,
22767,9243,49718,51501,33107,59085,27567,49409,888,
22844,30456,59507,36290,1340,58402,3567,3487,37295,
22965,54038,54347,5288,22965,81858,49544,50281,69611,
23041,24719,9106,6632,3169,37710,5294,49410,19476,
23301,59500,25684,64489,34901,2734,58068,45750,51399,
23570,13613,45182,5987,67594,81893,82525,81770,1724,
23629,70461,2077,49546,39834,39129,1445,50145,38604,
23712,23570,65040,49408,9264,63576,74512,34903,63091,
23860,51797,41908,42070,81889,55092,81630,4293,44116,
24133,35669,64506,24133,13781,17630,29949,81918,1074,
24146,36963,40879,35808,20775,38441,24719,26497,36806,
24160,35391,15963,60335,50145,25910,68522,7431,23041,
24215,51475,74512,67548,25434,5414,45780,49778,81086,
24586,82175,199,62142,50216,43768,80500,72375,82329,
24670,24670,7779,47559,7455,58273,22617,10383,81889,
24719,29764,13875,7053,6451,75499,69351,16742,62007,
24925,9106,41908,2363,2931,16591,35773,81770,30072,
24931,26815,74255,49783,2316,55800,55642,1959,43535,
25115,72375,50958,4876,13613,199,49948,45435,17530,
25424,26206,989,35477,3835,8562,81959,74061,49890,
25434,55550,16002,31553,5077,26777,73143,24133,81963,
25437,19274,21991,1959,4157,51567,3531,64904,5053,
25455,25455,69848,2713,26777,3630,38991,28652,30531,
25490,3478,17450,1380,28838,3948,42381,81906,52736,
25532,71632,5636,82438,10454,33263,39129,2170,16118,
25544,13569,49647,61612,43535,82528,66590,73451,25910,
25545,49781,53599,7712,39558,51501,79873,30531,54356,
25565,7791,56162,37710,42466,2179,45178,27494,25565,
25684,3679,65965,50316,10973,5477,3156,25915,34024,
25691,80705,13354,39578,41719,3804,16131,134,15866,
25696,65872,6977,59984,42716,6944,23570,57748,42502,
25817,67075,38808,40696,27245,74361,30079,49647,4083,
25853,30150,2903,73438,34344,14028,26815,55893,82528,
25910,66329,888,6346,7656,50216,2734,20217,989,
25915,3240,49890,36290,1085,4317,51522,49778,35477,
25940,51295,49543,10973,54048,81770,38441,22617,50765,
26164,44491,24160,3478,26206,57310,54110,10645,4014,
26206,64581,51295,58735,26815,823,50216,7591,61612,
26208,33014,43768,2543,40457,19574,81914,9106,38813,
26245,58273,1074,67971,1035,2177,2218,28652,5291,
26332,42207,1022,42207,2569,7041,6833,64528,37474,
26430,22289,34903,54769,71651,7094,67971,64116,40457,
26457,9048,2931,40488,5987,29758,46619,22233,45817,
26474,63153,38813,65872,37501,36773,40316,54693,62286,
26497,1724,57748,5987,59820,26815,27824,38441,80251,
26510,58289,2179,38604,35669,29949,66451,50781,3686,
26618,26474,199,2625,1653,49899,36290,41702,58466,
26693,30799,62816,24670,14076,2717,31503,59849,49774,
26703,26208,44632,45178,49718,75847,29875,65040,38488,
26707,22169,16006,17223,66564,892,19476,3478,38933,
26735,60216,69351,63370,6714,74061,69611,23712,43535,
26749,9013,20217,67105,38813,56774,45435,3156,35408,
26777,34344,3487,67883,42065,41908,49776,55149,17450,
26809,8880,69611,56162,44116,48306,6270,51081,28630,
26815,20712,80500,13474,9088,13550,19683,5339,3804,
26853,69351,27046,32893,1619,82414,823,45434,40273,
26968,67594,19160,4799,9088,62816,54315,74685,62018,
26973,50075,65209,21554,25434,51540,21991,50235,8155,
27046,8155,4507,52510,55437,8880,70004,2202,37835,
27082,31378,19502,34511,41996,58492,9106,30660,81918,
27145,2202,81959,70587,5291,67082,2363,199,17530,
27213,61921,13776,24586,27213,27213,43973,55685,27213,
27245,50650,2509,27213,58807,74685,5828,42502,74255,
27262,26809,17630,740,54058,38808,67337,45433,54058,
27352,2530,2717,40100,82394,7268,27352,59507,10244,
27464,1445,81906,7455,33401,57727,7386,19683,2218,
27477,3804,50869,1414,22686,162,89,16131,51502,
27493,51492,2398,20137,35773,5367,29758,50869,37932,
27494,4040,53725,2316,64477,54104,82438,49783,71632,
27514,58068,67105,52511,25684,2398,74255,3679,75847,
27553,54533,50216,35712,37041,27851,81894,51049,27553,
27567,72,20137,1539,5339,13474,2509,53721,68905,
27664,81999,32157,81985,21864,54128,22194,11208,50281,
27671,82528,38813,3487,10973,3240,66659,61921,55550,
27721,64278,63717,4775,35773,3531,27464,63091,64528,
27824,6944,29224,74061,1959,79873,25545,29321,199,
27851,4443,42371,31998,81889,8792,74685,8292,5283,
27872,6060,54058,52706,1537,49683,62007,62061,13569,
27892,31608,5166,3478,6060,62061,4762,44747,23570,
27936,80251,54104,2338,27671,81893,16094,38792,10454,
27970,7072,49090,26457,46107,37295,38441,27970,1613,
28067,55586,4657,30264,7041,9106,54348,2734,75909,
28201,1905,49544,30882,68522,7038,7779,76845,5053,
28409,49827,27082,32693,27213,1959,4507,38813,44747,
28421,39129,34024,29578,52302,16774,55064,10111,49827,
28496,2509,1619,23570,2318,22194,37541,60901,7944,
28561,35773,13776,16896,30079,27213,42716,32330,40100,
28573,53957,1022,54038,54104,47853,17530,81999,59085,
28615,4876,2177,29558,29224,65545,6169,19683,68522,
28630,6060,43538,21514,46619,2177,2903,65040,54544,
28652,5987,46107,7616,44632,17450,3020,27245,2734,
28746,46029,4775,55061,49819,19502,28746,46619,32157,
28838,41436,39583,9037,56774,5252,22767,61304,25545,
29056,2585,46050,45124,26430,50465,25545,2713,5294,
29123,60749,30644,37569,72375,41908,58656,24719,4157,
29224,2316,59184,10244,10331,73579,69848,2543,7299,
29321,1406,38441,7386,31910,50216,36806,31553,59491,
29361,54048,2175,59507,38050,8098,78,24160,62156,
29394,61005,24146,81883,4655,56935,2530,26497,58466,
29483,26968,55758,63091,4951,1340,18967,16497,8037,
29552,50781,6313,31378,37932,54254,81883,44929,43774,
29558,81717,37917,42065,29558,59109,10431,42478,38870,
29578,51540,40696,44747,38693,6051,21705,16079,31378,
29719,38808,79219,65965,1653,3255,49544,62888,29719,
29758,1605,82175,63717,37986,28838,17796,1473,38441,
29764,23570,17796,29764,40100,272,21597,5987,2713,
29875,7225,66564,69844,67633,31759,7455,36573,49090,
29949,18580,50650,39255,1264,5385,25115,51279,2493,
29954,49827,50145,3169,24146,62007,48078,62888,4799,
30031,41405,49324,33143,40879,199,42394,31553,5987,
30041,49827,2795,49563,7973,5763,82005,49883,25691,
30072,5828,28573,81963,49732,49827,52639,69611,2305,
30079,21864,44056,5053,10554,9029,30079,316,2262,
30082,2965,37295,1886,40488,68522,1657,65545,5053,
30150,56262,54544,38604,65040,64824,26749,2567,1074,
30264,43576,78740,33508,51634,40120,50940,31532,20013,
30456,45435,45434,20712,38870,6458,6806,69611,43656,
30531,37259,9264,2283,50023,49690,67594,3478,2118,
30644,1657,7633,16131,76443,46029,20013,49778,44388,
30660,52302,36573,54104,26815,56935,43774,20712,49668,
30736,34903,81893,69262,49543,11208,3389,3255,75909,
30799,57748,951,8155,64615,3255,2218,1630,13700,
30823,28746,28409,16774,45146,5166,34699,81963,1724,
30863,54048,55082,69611,45124,81883,32893,7299,30456,
30882,58402,19683,54544,64506,80500,55697,44758,29483,
30889,55149,4417,34344,37259,2175,27936,199,59013,
30985,20137,37541,54104,81889,81985,73980,7455,76620,
31047,38870,36822,2316,27494,18457,2218,35278,17803,
31373,199,20028,64116,37917,7453,62007,44116,37569,
31378,44758,46077,1537,8155,46029,42070,37199,3061,
31503,18580,7842,37917,7259,4417,37474,6051,67105,
31532,25532,47463,80434,16006,65094,9070,4083,162,
31553,55149,199,51540,34750,890,59507,35773,44134,
31608,199,1539,41996,31608,16742,46029,50630,68782,
31705,33629,19160,46107,33401,69848,81957,13836,199,
31759,20712,6944,51797,23570,31759,10431,53653,49544,
31910,54858,6420,21719,3835,63087,67142,5036,34489,
31998,81883,8659,32157,17530,41996,7116,82005,67633,
32036,876,50281,6346,66479,19160,49732,38025,4792,
32099,48988,48172,55082,31378,65872,53725,54141,17450,
32157,76517,81999,57632,72,50578,5053,1022,82005,
32163,823,5784,39578,8792,4417,27824,14031,32163,
32265,24133,13354,19412,6916,51492,81918,81770,67277,
32319,82185,57544,51797,26497,951,57544,25696,82104,
32330,2795,5077,4417,17450,4417,51540,30456,5477,
32483,20137,55541,3255,81957,81883,21149,82005,81858,
32505,11216,1418,3630,26206,49961,8815,6295,38813,
32506,19160,45992,6313,50220,16774,76443,11272,5339,
32507,27851,49419,80705,55550,32507,32036,54347,54769,
32547,39129,38813,19160,5252,54104,81889,81918,10431,
32592,32592,32592,32592,32592,32592,32592,32592,32592,
32693,14031,16118,67374,27664,70594,26707,81999,30660,
32713,9106,26497,54544,2316,7041,3174,20212,34344,
32893,62318,5315,52302,3487,22295,40902,1619,10383,
33014,21514,5294,77020,1619,35436,44056,26208,74685,
33107,75946,9228,2218,48764,54128,49090,33107,5367,
33143,1537,5987,33143,5942,49961,75499,7547,30456,
33263,81499,34364,51476,35477,4443,10431,3322,3498,
33401,65660,22587,48552,81770,39966,52302,69962,38960,
33508,39191,6977,2150,13354,36840,52706,2177,21089,
33545,76620,34364,65831,33263,63637,33263,81999,65965,
33629,199,17450,34750,864,14031,29875,61153,59184,
34024,38792,34511,81499,5942,46619,3835,26853,3948,
34344,38813,3679,57099,46619,823,54389,24719,6303,
34347,39129,33508,70937,43538,63087,8385,36773,68522,
34364,38519,81957,3826,4014,59298,6303,49646,10973,
34420,34903,45797,81906,63153,46619,74208,10431,82288,
34489,7455,81770,18207,5659,4040,81891,7431,16118,
34511,8385,42207,5594,57748,26777,40273,2262,50281,
34699,16002,55839,18835,2734,3498,3948,50825,42064,
34714,82445,49899,64489,13852,7259,26707,65831,2846,
34750,43774,14004,38441,10429,7386,7386,37675,164,
34881,10239,2398,14031,8792,50145,22194,25910,49409,
34901,55550,5353,54104,989,7041,62432,30031,25434,
34903,38604,2363,51797,72079,64581,50825,73579,4507,
35091,32330,48078,81906,32265,13510,740,65090,67761,
35278,60023,50235,68905,38822,54858,79163,25115,5339,
35391,7302,6295,8634,17630,38333,33263,2003,69848,
35408,7455,59013,1653,81999,40120,30082,81806,35808,
35426,54858,59013,39393,16311,50869,9071,34344,27464,
35436,82175,76517,61347,181,31998,82528,35436,54316,
35477,28838,32713,8956,55563,27352,7944,43212,7730,
35482,45435,3478,25910,8008,41702,58244,9106,75847,
35560,23570,82104,37362,81465,26777,81915,8956,3255,
35586,41436,8594,64581,74194,29056,5636,45396,49749,
35669,72,61304,989,82288,8517,64426,66479,54389,
35712,5403,17388,3255,6806,4443,58443,39542,81770,
35773,61823,67771,3389,7633,19683,49776,1427,199,
35808,76792,49777,67277,13875,6270,54104,37362,18207,
35821,56187,31705,5723,26206,81115,74255,6379,31373,
36045,37041,25817,25455,49647,36045,29764,55758,55800,
36277,54356,7430,1121,10645,6437,9088,40879,1807,
36290,33629,27567,4794,60194,42207,2305,70594,81465,
36311,3255,62007,16079,19089,38604,76517,46733,4507,
36545,55382,134,55082,50578,66590,27892,62816,5053,
36565,37362,66898,44507,38960,60107,26206,7787,4972,
36573,39255,59507,49899,81893,49783,79873,80434,38068,
36773,52364,26208,37675,46029,38519,3255,60106,5339,
36806,199,60888,76845,71724,58466,45821,1539,10871,
36822,59507,6295,3156,65545,49090,6830,4014,49948,
36840,36840,82288,3658,40457,2625,4759,34901,44507,
36963,41908,40273,36963,57310,61544,50650,21597,59699,
37041,42580,7854,24133,40198,67105,25545,2795,26777,
37199,60194,55064,62061,38695,51797,55395,58273,35773,
37259,18580,7842,70594,73451,8956,8713,23860,81115,
37295,54540,2218,54356,58466,8634,16591,1677,63576,
37362,78,18207,5987,61333,44507,81912,8880,52676,
37384,51797,62018,5294,2834,40198,14076,2530,18457,
37474,5405,32265,4520,3783,54544,44643,58656,3567,
37501,29394,26618,25434,4417,65040,26815,64116,81630,
37541,81883,37541,49409,29949,55550,19412,13510,71651,
37569,10431,60265,4876,36822,8815,7712,37199,2491,
37675,43538,59849,55541,58289,6999,54058,50465,5636,
37710,62061,60335,36290,29954,17530,18967,438,50146,
37835,34901,58735,18835,7041,5687,6709,64528,35773,
37917,44116,54104,8659,19683,76566,9048,6379,37917,
37932,45353,272,54128,51854,21554,50220,45434,47767,
37986,50940,82171,2625,60335,33508,4898,5723,81499,
38025,30736,1264,1418,57099,82034,40273,2305,35586,
38050,38050,58244,81894,44116,45780,16118,18967,51797,
38068,55395,9013,22194,72375,3826,75946,7072,951,
38333,10554,29578,25115,9037,51677,5405,25853,7430,
38441,47463,82528,69351,6806,10904,49570,54128,50316,
38488,16118,24146,51540,8659,13354,50281,6709,64528,
38519,81999,59491,51567,28838,1473,58402,4417,21763,
38604,21149,41996,11235,20137,38813,1085,8517,6944,
38693,29875,49961,31373,81086,44116,82329,3478,54104,
38695,67633,52676,365,37710,9048,47853,54110,4768,
38703,40902,45797,54347,49783,36565,2202,45178,1677,
38792,22617,44116,2086,68905,82528,54193,53725,27671,
38808,55082,8008,3296,38808,71814,5987,7791,9243,
38813,39534,67883,81891,445,4417,3156,38488,18967,
38822,54356,3255,50235,54325,39463,69631,26164,73579,
38870,59849,65209,445,43774,24146,10429,14004,1677,
38932,1959,50729,13606,49543,1264,9070,59849,44056,
38933,27262,32157,55064,82185,51501,29552,3255,54104,
38960,21335,27721,46733,5053,16002,5266,8713,50036,
38991,51540,44056,54038,54769,49714,51522,44632,57099,
39032,27824,59234,1473,26777,8037,76845,10645,58289,
39129,81906,25940,81906,57457,14031,25940,16691,5945,
39191,62061,27493,63576,4293,38813,54193,6060,8382,
39215,33508,8182,29321,30456,50465,30264,26853,52510,
39255,34489,79873,81999,49410,79271,36277,63153,6709,
39258,3788,28573,81889,1959,9106,49574,27262,46029,
39393,6451,3826,7072,19502,64278,30072,13550,46107,
39463,6420,51797,37541,81893,38068,26968,67548,29758,
39534,25853,5782,2567,19813,1984,32893,25853,69962,
39542,8382,78,64119,75353,67971,72375,67277,3478,
39558,3478,13809,45178,3478,16118,49570,61921,5353,
39578,10331,23860,32505,2118,45178,6379,16691,4598,
39583,8517,75847,55328,75909,3630,5987,74194,6830,
39742,54058,34364,29558,70004,32592,81918,16604,33545,
39834,5636,56162,5019,9106,39966,1074,7455,5060,
39835,46077,30082,4775,7605,29321,55586,1724,9013,
39840,28496,70141,16896,46733,4083,49690,1724,39258,
39884,4762,68522,3478,32713,9106,82445,19412,67374,
39966,49418,3487,38792,24586,1537,27082,49883,10310,
40057,59820,55550,3202,15773,2734,7302,81914,81957,
40100,7591,26208,54348,44116,77122,3630,201,40273,
40120,14004,31532,6709,30531,40488,63153,54858,54315,
40198,4898,81999,64477,1677,54048,81959,10454,5077,
40267,78,81891,3169,66898,73579,78,55588,38025,
40273,16079,41996,72,40725,26693,49546,30736,65094,
40297,55762,9048,82185,49831,81957,43224,40297,45780,
40316,2567,63637,29764,61465,43768,4507,30082,29361,
40457,3714,19476,52736,54104,81999,21705,28573,36290,
40488,81959,50071,3061,14131,16118,35586,14004,3686,
40696,21335,5166,43656,989,5594,24931,1121,2578,
40725,22295,3255,44116,50281,38604,10513,5763,52718,
40879,42716,29558,10871,2077,59013,42478,5563,26777,
40894,82005,75787,81770,62286,49679,40198,82524,76845,
40902,725,989,34750,81883,21600,51279,19502,6945,
41327,41327,5339,81894,82005,46044,28409,11216,4598,
41392,2530,2530,4740,16006,50316,50729,5987,2316,
41405,64241,54540,66582,36311,33263,76792,50465,10904,
41436,46733,8155,41908,22587,15863,10871,1710,31910,
41613,49665,81985,36822,26164,60029,49774,26474,33263,
41702,29578,45750,44632,47767,81893,9048,52302,24925,
41719,30082,8099,40457,4650,67337,37501,26809,45759,
41908,40457,21991,56162,13474,38991,37710,65040,26777,
41970,4443,49718,52639,21991,37569,32483,8098,5784,
41996,3788,54193,13613,81959,33014,45992,32157,30889,
42064,34364,5987,48047,26474,44758,5987,70205,30079,
42065,34511,27936,81115,37569,71797,40488,2218,45124,
42070,43774,5594,64581,1605,81883,4775,19089,62007,
42130,49563,5157,81806,3788,48764,54141,3630,5288,
42165,59085,38813,81891,57099,8594,55151,11272,82005,
42207,26618,67629,54104,16639,7616,82394,2003,4792,
42217,4040,1014,18835,4507,81959,71797,14004,1653,
42249,34903,80337,51812,81906,82175,51913,54048,22965,
42371,29719,44747,18580,78,3359,8792,864,45124,
42381,64406,46044,21893,316,60029,61921,5987,25434,
42394,3853,42065,42716,71797,28630,81893,30264,35477,
42466,37199,5339,6270,2625,32693,41908,7072,38050,
42478,42478,82005,199,58289,63041,66898,10915,28573,
42502,36545,28630,67082,32893,22289,52736,31608,14031,
42580,39583,49695,27493,49961,41908,44056,36545,45433,
42716,34903,6830,70461,9088,30456,20775,52676,13613,
43212,68,43535,49714,7302,5849,62382,3567,801,
43224,53721,78677,4507,56774,1630,59507,57099,28201,
43535,28067,32330,41719,5385,3255,81889,11235,43538,
43538,27145,59109,7386,6833,62382,81770,39578,36963,
43576,32893,5849,65545,20217,7094,69990,37917,65545,
43656,35586,45435,63637,29954,30863,27477,63153,62991,
43768,39834,50460,21423,5403,23860,64477,55092,59491,
43774,49544,49749,34364,49774,1035,37675,49778,3835,
43973,53653,61791,5987,23860,76517,43768,1022,59984,
43978,199,307,49783,32505,16322,10310,45434,63717,
44056,7464,26973,67629,15866,35477,4131,20712,2713,
44110,65965,45178,39583,180,957,5563,445,49546,
44116,55092,5594,2530,1807,67883,5828,62432,8382,
44134,45124,77122,41908,77122,45146,32893,63091,3255,
44388,38604,44388,59109,70205,44388,6806,44388,6916,
44390,29719,75946,8659,45433,45124,50765,57099,199,
44491,52639,19160,39966,44056,3783,72079,307,3948,
44507,61612,762,44507,44507,37675,26510,17223,19694,
44632,81893,7072,54126,32483,39840,3169,74512,82175,
44643,69611,46029,52510,7547,6435,46654,82445,3478,
44747,27824,81889,49733,81918,49563,49831,40273,64278,
44758,26245,2305,44390,4520,29875,2305,56738,81894,
44831,62061,20712,3487,55642,81918,7591,5353,54254,
44929,50145,3255,14031,81985,81891,81906,4706,58443,
45124,1406,49714,2493,199,38808,47767,2530,10239,
45146,46029,23041,38813,5784,45780,28409,64506,49961,
45178,43535,27262,1928,20973,16311,49546,49714,9037,
45180,21514,3255,81889,37199,2509,2202,81959,42381,
45181,81999,2931,44116,181,66564,44116,5945,52639,
45182,38933,59500,38703,2493,45182,53878,55586,2338,
45353,19160,6437,3202,892,5053,81918,31759,2318,
45396,20973,37199,7854,54141,70791,26815,81465,13354,
45407,6420,16118,10431,27664,54254,50781,32893,5283,
45433,1905,43973,4759,50825,2318,4697,82267,7072,
45434,26735,38813,42249,50071,81959,43774,45433,55395,
45435,51913,8099,445,17530,26618,67082,56022,39255,
45750,45180,70141,134,2795,39191,45178,49543,44116,
45759,58466,1539,45759,32693,3714,27970,66590,25545,
45780,51469,49543,50316,11272,39129,21514,7730,19274,
45797,3202,30823,7225,7712,32693,13474,16896,6379,
45817,38050,32157,3478,4157,81086,81906,45435,16774,
45821,35391,64528,73438,4697,65831,36806,13875,69351,
45944,59370,32099,78312,27082,55642,42249,72375,26777,
45992,2543,81918,81959,23712,1724,49827,63576,3240,
46029,61921,32547,49721,4417,46733,5019,2931,49733,
46044,6806,3169,26815,62991,1959,38813,49783,75847,
46050,43774,49732,54356,46050,19073,37199,65040,3169,
46077,26332,6709,60265,1105,69844,8292,34714,8098,
46107,17530,3478,44491,6051,49690,64489,23041,41392,
46268,22965,81894,45434,43212,4083,19274,5291,44929,
46619,70141,5252,13700,5294,19089,67105,35391,71797,
46654,82005,38604,957,63179,82528,60029,37199,37986,
46733,5784,26703,49718,44134,10239,28421,30823,22617,
46983,16103,9106,64906,59984,49683,55328,9106,29764,
47400,49745,51557,55238,38813,45181,45797,10513,49542,
47461,801,18835,81507,30456,2218,10915,37041,25853,
47463,32893,7169,8562,1653,957,4740,27477,13776,
47559,51540,6709,71902,68963,42478,2567,45780,49647,
47767,47767,21597,22194,823,70937,81959,438,37501,
47853,17388,81957,57748,81984,53878,81770,57457,2262,
48047,45759,4507,55110,7169,40120,67761,199,3531,
48078,6806,62286,17223,37259,8182,37199,72,22965,
48172,49827,51501,15773,54769,45178,49714,43535,6379,
48306,9106,41970,27664,38604,23570,40297,51081,81959,
48450,38813,34903,38050,38604,57632,6270,7108,82329,
48552,4293,2262,81499,48552,7605,1035,82528,81915,
48764,38488,81912,49679,438,199,28746,40273,49419,
48988,35808,59228,44116,43978,1657,5315,70684,1653,
49090,60749,32505,61333,66659,1473,70004,1619,41719,
49324,81918,50036,65965,78,64241,26332,29875,67853,
49408,81912,5636,1627,28409,55151,46654,46107,1022,
49409,49410,49679,49695,49409,21991,81894,35436,15773,
49410,45178,67971,81115,21514,4083,40297,42466,81858,
49418,22965,8099,81889,45178,39966,1959,29552,34903,
49419,81892,46029,36277,50281,4972,49783,26809,27664,
49542,5636,6270,18967,40273,81963,11272,21514,49409,
49543,49668,54254,2931,45181,30531,27262,20217,54048,
49544,49544,46029,50145,10431,38604,43768,22617,9106,
49546,49734,81906,7453,34420,50071,68905,17796,81446,
49563,53599,4507,7094,7591,4775,42716,50630,20217,
49565,78677,51634,40120,54348,50075,34714,69368,57310,
49570,1657,72375,1605,54038,6270,8659,30882,40273,
49574,48172,34903,37569,37710,2003,50578,48172,5339,
49578,69844,2493,81086,26707,70004,28409,51399,21991,
49646,49714,32157,39742,23041,16131,44632,45181,33629,
49647,43774,54315,28630,10331,60265,3804,2578,2621,
49665,10431,7116,46029,38808,49890,45178,3567,10513,
49668,45178,81883,47400,7386,28421,35482,26208,7072,
49679,2134,50217,40725,82104,64824,53639,23629,51797,
49683,2126,34903,32330,3169,59370,30823,49714,3255,
49690,26208,49777,50281,49781,5749,49578,45750,26474,
49695,35091,50146,10431,46619,22617,52488,41702,46733,
49714,5828,22965,4706,19089,49543,50650,20973,4706,
49718,34903,44643,49777,38808,61921,82005,13809,42381,
49721,22617,11216,40488,81894,81912,77020,49546,4598,
49732,29552,9106,55151,2197,54104,6916,22169,52302,
49733,49668,47463,28409,50460,49543,42207,199,22767,
49734,82005,49668,55151,49546,9071,1605,7302,49410,
49745,10281,29954,49883,81999,50075,27082,71651,4507,
49749,49781,4520,19476,38488,82005,38813,4507,14076,
49774,4762,30882,21554,30736,49745,38604,37710,49668,
49776,49783,7464,2197,49419,54254,15963,26853,22169,
49777,13836,7712,81959,6830,40696,81918,49819,43768,
49778,13510,50281,37932,74194,49732,64906,81891,40273,
49781,2003,45181,1105,21514,50449,81894,49733,43212,
49783,438,81906,51572,49883,61791,2363,4507,51399,
49819,49890,81957,18967,63041,57037,4368,45750,26703,
49827,1461,43212,49777,37569,181,49578,48552,49668,
49831,43774,43768,26735,57638,57544,28573,46619,31705,
49883,69848,26703,40488,49690,49665,50217,43774,43774,
49890,2175,49683,3567,7225,49544,49745,8659,30531,
49899,60194,21864,2578,60194,55151,30799,81915,13474,
49948,5385,81894,40273,1630,32157,43768,3255,2338,
49961,29954,31378,25691,44110,5828,46619,81906,55762,
50023,43768,37932,58244,45944,1380,59820,43212,19160,
50036,48172,7712,2202,10431,56162,66564,49745,26809,
50071,42249,81906,50281,4083,57099,38604,49819,4507,
50075,9013,44116,45178,19089,18967,49734,49418,81883,
50142,82528,4792,70141,18207,51522,365,2318,49665,
50145,43774,50145,38933,38604,49665,253,5465,64477,
50146,49721,57479,4775,38488,28746,50145,11272,38050,
50148,3255,2578,52488,45181,10431,28573,3255,50148,
50216,47559,34901,68966,64119,17223,73438,33508,16677,
50217,81894,82034,31998,4775,45780,41702,54128,5053,
50220,316,7108,31608,6632,54347,29875,38604,3714,
50235,8562,10244,25544,81717,7730,10244,26510,61612,
50281,19574,43212,5828,25940,16774,16896,2262,50146,
50316,29321,3487,38488,47559,21089,9071,25915,52718,
50336,30072,8098,54104,10239,23570,32547,68963,49827,
50449,16094,63179,40273,49819,39129,64489,51049,82394,
50460,27262,49565,3255,6833,2003,21554,7787,7453,
50465,18207,59820,30456,59507,21423,27567,7688,44116,
50578,81959,49574,50825,18207,7072,81918,27262,49690,
50630,49690,4706,32163,50145,36822,2003,69611,81891,
50650,82329,801,39393,19160,23860,2543,38870,7386,
50729,10383,47461,38932,45434,2530,4650,5339,70937,
50765,7973,69848,5987,17630,50449,3940,56935,1539,
50781,2543,4794,81446,8562,31998,35773,14031,45797,
50825,28421,81858,7787,49890,4706,49574,4417,41970,
50869,5157,56653,3296,7654,7944,31532,28838,74361,
50940,57727,69351,34901,37835,45353,19089,199,44134,
50958,2426,365,199,62991,44758,48047,59234,38333,
51049,79219,5315,5729,19476,20028,17803,8292,52639,
51081,81883,49749,5784,10513,5784,2202,5053,49646,
51114,81883,70791,75847,81906,52718,1657,52639,199,
51279,34903,7299,52639,57099,30031,13809,29224,35560,
51295,45433,32157,3478,81999,54048,38933,4507,6714,
51399,4157,46619,49418,6999,46619,5053,21991,32506,
51469,25915,19476,28652,49695,49819,49831,10454,37932,
51475,11093,60029,7455,5987,5414,64581,49647,39534,
51476,3255,50465,75909,5291,49777,42165,1677,54038,
51492,66898,62018,2175,1605,13474,65094,36573,7302,
51501,49718,3202,20973,7072,61791,52718,49745,81770,
51502,59491,51502,3531,56774,134,60029,65090,78677,
51522,50281,5465,7116,3255,26703,51572,21514,54104,
51540,5687,28630,31532,37295,72375,19160,3853,7053,
51557,57099,50336,45797,27664,81957,81959,2170,50036,
51567,58505,81999,2734,74208,11216,6051,73980,1605,
51572,45797,50217,45780,8037,20217,81915,201,5784,
51634,63576,58443,56002,28496,63717,74061,71797,33545,
51677,5987,4520,82034,1445,8265,61465,74061,876,
51797,58505,45759,4368,8099,9106,28573,1473,23041,
51812,5987,50142,81883,74512,6977,10383,42381,38025,
51854,13875,31910,82438,13474,52510,35773,5659,42065,
51913,7973,38604,47461,51913,5353,34903,51295,66564,
52230,64581,73579,61544,6420,2134,64477,67761,3498,
52302,37259,52302,24586,54104,21423,76845,35391,51399,
52364,19694,8927,33545,48078,54104,21763,2150,5987,
52488,26777,22289,5849,19574,77020,3255,10431,46029,
52510,60023,47461,61347,1473,45759,48988,38932,29361,
52511,32036,26208,75499,6999,22767,36290,46619,32099,
52639,58907,61333,82446,2578,21991,16094,5385,46654,
52676,7547,54356,69330,3804,25817,41908,20137,67633,
52706,73451,74194,45435,67075,10904,181,28615,50940,
52718,38933,44632,22169,56162,2931,4417,21719,29758,
52736,69351,28201,811,49679,13852,49563,37986,42249,
53599,48172,81912,54128,38050,2179,45407,81893,62318,
53639,31503,69952,5763,33401,26707,21906,81963,70684,
53653,4317,3255,957,7973,82394,199,3487,56162,
53675,59500,21906,48047,38604,740,17803,42394,8182,
53721,42207,5849,17223,58053,42065,6051,14076,69848,
53725,74361,3255,41702,6709,19160,82394,25691,29552,
53878,48450,37986,9048,54141,82525,46619,41908,11272,
53957,55550,4417,40457,58505,34903,81891,6944,27493,
54038,42466,81906,21763,43538,81893,22965,70141,37710,
54048,27664,81906,38933,50825,49418,68782,81999,164,
54058,50036,1105,7386,69330,1537,35560,65040,49570,
54104,75946,51567,35482,52510,3255,52676,39129,67277,
54110,36311,39840,61921,7842,35773,67374,5414,4655,
54126,58505,27970,69611,26208,51567,22289,9088,3169,
54128,31705,31998,6944,38703,41996,5987,3296,3169,
54141,70931,81630,66479,49324,74470,52364,82438,52511,
54193,28573,16118,58505,54858,199,31705,25434,37569,
54254,49819,26703,81915,4083,69611,54193,10431,81889,
54315,29764,30264,37362,54315,18457,42065,19574,1427,
54316,35426,41970,41702,22289,56935,50148,49543,6791,
54325,45944,49647,16591,35669,7094,45407,21893,2530,
54347,6806,5294,70141,54128,37259,7730,54389,7386,
54348,50216,74194,41436,59013,11216,57457,47461,44116,
54356,72,13569,64119,4759,37199,2305,888,2170,
54389,34364,33545,25490,51492,19160,2170,1537,60265,
54457,52511,50781,1605,4775,28838,52718,39834,49718,
54533,4792,51797,16131,37710,81893,10111,9228,7430,
54540,5784,7453,81806,25490,59109,13354,6791,22617,
54544,9243,31047,70461,3804,63717,17223,65831,1677,
54693,66590,17630,29361,1014,52736,48306,59298,181,
54731,5818,27824,31532,54858,4851,67277,52510,67277,
54769,59228,27082,49819,39129,51399,34903,51295,54769,
54858,59507,55061,26815,82394,1605,64278,8815,25853,
55061,32693,81446,71814,45181,6830,13354,32505,2426,
55064,2177,3478,40457,81770,18387,65040,77020,2262,
55082,34901,46654,65831,79982,20137,199,199,67594,
55092,54104,6060,57748,7116,29949,307,40273,3422,
55110,5687,55110,19089,54058,81894,30736,5687,67853,
55149,772,1959,13809,52510,21906,19683,3498,58443,
55151,6313,77020,13354,164,38050,3296,81985,10429,
55238,1022,50071,38870,22194,18956,75946,67853,38808,
55268,47463,55268,44491,35712,13836,26245,74194,21763,
55328,6945,42478,37569,29764,5077,61333,38604,55328,
55382,34347,36045,32330,36822,17803,16691,8956,53957,
55395,57099,20137,51049,3686,55437,951,27970,56738,
55437,58289,4417,6295,6833,46107,16591,16311,180,
55541,50148,32693,53599,40696,3169,55082,69611,5339,
55550,80705,55550,3255,54104,55697,58492,55437,49734,
55563,10904,4598,40879,2530,66479,54348,39393,5339,
55586,59298,61347,35669,46077,58466,37501,3262,5987,
55588,199,43768,7455,49679,36822,17630,57638,71902,
55642,38441,20712,50869,11216,16103,61090,2134,2262,
55685,3169,81891,20137,55685,18207,81915,8292,32099,
55697,27721,21600,31373,64581,9071,8385,7712,36963,
55758,35773,42064,18207,28838,56653,32693,8659,2931,
55762,8880,70461,3255,29764,66645,27514,55762,9106,
55763,26749,3422,49774,37675,55763,49783,46044,50460,
55800,2175,8155,162,62366,54356,36806,56187,7386,
55839,38808,65209,7712,25490,27046,82394,63340,55382,
55893,1613,38488,31608,57310,45433,58466,27872,63637,
56002,29056,45435,51677,43212,25910,50869,45433,37932,
56022,44632,32507,44116,28573,65965,16118,70004,11216,
56162,33629,44632,3202,42371,56738,11216,2965,81984,
56187,61544,50940,35821,10973,72375,82524,19683,71632,
56262,6051,5465,22289,13354,3630,60029,42217,64581,
56653,27567,32693,48552,40057,17530,38604,56653,38488,
56738,19683,82104,70004,61465,31608,32330,81963,56653,
56774,50460,37501,65545,47767,69631,3255,30456,25434,
56935,2134,8634,81959,25910,27493,4507,82171,4794,
57037,76845,51540,81893,27664,44388,56002,16103,58787,
57099,5036,3940,16118,16006,54316,13422,38693,41996,
57310,989,56738,4740,48047,10383,7787,67594,54389,
57457,3714,26497,7547,3478,62286,65040,9106,81999,
57479,27872,62286,9013,28421,54104,9068,7633,39578,
57544,2218,6060,989,1445,2003,30823,79219,5053,
57632,81914,4083,49831,74512,81889,6944,41908,3169,
57638,38025,74194,51797,27477,61090,69990,8182,27082,
57727,61544,26497,6437,35821,55082,6944,27936,5782,
57748,33143,57310,16118,38333,57457,63576,38519,6437,
57833,21514,81893,49570,40457,27936,4040,5288,29056,
58053,38441,55395,39966,67082,45353,37710,49733,4792,
58068,4655,26809,28201,22587,7455,60023,55800,30079,
58244,69631,42070,81806,8713,19274,14004,4317,4520,
58273,36565,34901,13569,21148,30264,9106,17530,3061,
58289,2318,81883,39742,27262,73579,5053,61612,725,
58402,48552,81893,3255,18580,26208,70004,740,81894,
58443,5157,40457,34901,56002,37675,27970,56935,75847,
58466,27477,37675,62816,54110,2398,81499,36806,65872,
58492,58492,50148,49565,30660,5053,58492,79301,3940,
58505,75946,62432,3169,50142,50630,30531,54126,39834,
58656,16774,20137,58656,3487,39884,32505,2134,44056,
58735,35773,53721,9037,772,74194,25490,51812,199,
58787,68782,44116,9088,81959,60194,39558,52736,4794,
58807,43973,49542,22289,32163,17530,54356,2621,4520,
58907,26618,53957,1264,3478,59013,951,26332,5563,
59013,10281,16289,29056,7038,20973,61921,70684,3478,
59085,31998,3169,9228,82171,2493,68782,54193,51567,
59109,4417,4794,3478,27493,10331,8517,80251,26332,
59184,82524,5266,6806,59184,28201,22289,59184,2398,
59228,30150,7268,52736,42064,2177,17223,22686,9228,
59234,16103,59370,61791,39884,46077,9157,77020,37041,
59298,19160,16591,23570,17223,54544,41908,40457,59298,
59370,47767,50869,81889,44507,81918,3169,56187,6830,
59376,51540,20028,43535,7688,50781,55268,3169,61347,
59491,81999,64278,55382,9013,59491,27213,4507,7116,
59500,40696,4706,9070,75847,1461,59500,66590,30660,
59507,66451,7104,55268,40100,50729,37199,59507,16591,
59644,66645,69330,35426,42217,51797,63370,199,41719,
59699,10554,7169,10915,3940,40120,64528,6632,25544,
59820,45435,4722,4722,44507,5723,28067,42394,18457,
59849,44507,10554,76845,9037,43774,62366,3531,22587,
59984,33629,81889,9037,6916,10454,59849,54693,8880,
60023,1121,24931,81918,3156,34489,13422,8037,66517,
60029,5749,17796,82525,64615,60029,2713,60029,54325,
60106,27664,4650,1022,62318,5784,39258,20137,60106,
60107,5563,5266,9106,39558,64581,60335,5339,54389,
60194,64506,76517,3783,10973,81912,8634,1035,49831,
60216,52302,49827,49546,29056,1920,4792,37199,67337,
60265,79873,54348,2218,35712,1339,5987,81891,59234,
60335,20137,73579,5414,40457,44831,56187,50729,2316,
60440,52736,30079,6945,7633,9029,5987,35408,8182,
60510,7094,73579,25115,57748,60510,21423,5594,5053,
60749,34364,31759,3478,1537,59984,64906,45992,70461,
60888,45178,2567,31910,69990,21514,50316,8927,51797,
60901,32157,7854,29483,21148,61544,59228,1630,2625,
61005,1406,6169,3487,2305,41908,39884,63637,43576,
61090,38604,34901,39191,64116,35712,45433,49570,4507,
61153,22844,1445,31047,162,31998,2318,8111,16118,
61304,25424,67277,2543,2003,24160,62061,7299,27671,
61333,4792,4768,15787,59013,27245,3478,29361,82175,
61347,18835,34750,81912,36963,33508,82171,28630,76792,
61465,36963,16006,30985,73438,36822,61612,29949,38488,
61544,63153,55082,67337,49647,1807,76792,24133,13781,
61612,61612,67142,55151,38870,39032,38808,56774,13875,
61791,57099,49679,3255,10431,5664,8880,61823,4762,
61823,69611,34364,73438,10281,82438,2578,51812,40879,
61912,10431,64278,1380,64406,11235,82445,20028,31759,
61921,66479,2834,30041,28201,4598,25115,5053,7041,
62007,64116,16006,82329,10431,20712,62366,40297,42371,
62018,53675,16677,47559,33401,59370,2903,38870,21423,
62061,28496,4762,61005,3255,41908,44643,29394,4417,
62142,67633,27262,27567,3262,6437,1473,2846,3885,
62156,24719,7902,45435,1613,44491,74685,31910,55149,
62286,19274,82005,45433,7386,864,30072,58443,26245,
62318,42381,41996,81963,20013,3255,60106,50281,72,
62366,10429,81086,59184,42065,49543,19683,40879,2931,
62382,54104,24146,7791,6806,55550,23041,48764,7712,
62432,81891,10973,54126,45124,34347,57638,82524,63717,
62788,19089,28652,43978,49827,45780,61090,69990,55061,
62816,79301,7547,51634,44643,4417,40316,81999,82329,
62888,76620,58289,4792,6806,25696,38960,40696,34489,
62991,80888,76566,7041,37384,5353,6632,30150,21600,
63041,27262,30863,69385,20013,74685,1105,50869,30882,
63087,63087,13550,44929,18580,4740,4655,6977,28201,
63091,8099,5385,34511,10310,65872,25115,82034,61465,
63153,7591,29578,75353,6709,61544,4598,45759,43774,
63179,5294,13809,35560,37501,67853,77122,44758,64528,
63198,5659,3686,54104,35669,25424,36822,46619,29764,
63340,1406,62888,199,1539,10973,2150,30031,1537,
63370,32505,6051,3255,888,54389,55328,82329,37474,
63576,63576,55642,6833,51677,21597,72079,8927,9048,
63637,13550,82104,6632,49961,11208,7779,81770,989,
63717,13613,71651,81906,65831,22289,3255,38025,2491,
64116,25691,45435,67082,13606,53721,64116,81957,54254,
64119,26707,49778,7259,19412,62366,32893,3061,21148,
64241,3169,4794,75909,2202,67633,81999,18387,59298,
64278,61090,60265,64278,34881,2202,6806,1537,4792,
64406,6977,64406,199,51540,65090,39191,54858,16677,
64426,41970,64426,20775,23570,46107,76792,957,34511,
64454,25565,38960,67883,37710,19586,4131,7116,27664,
64477,2585,1710,199,7464,2262,45353,20028,49090,
64489,8562,3478,30644,39463,81957,65040,24215,5851,
64506,81891,50235,48552,55563,40198,81959,3169,37199,
64528,1905,32265,2179,5291,27477,64426,7259,3835,
64581,78677,61791,21148,80251,38604,55893,63340,59644,
64615,65040,20973,43212,10239,30985,40696,5414,81959,
64824,67853,68963,72079,38333,7633,60023,438,22289,
64904,72079,82185,11093,25817,30079,18207,67105,30082,
64906,17630,7944,60749,2150,37569,21600,42371,2530,
65040,3478,16591,63041,74470,49776,51567,80434,6420,
65090,71651,164,59298,54356,39834,56262,67761,9243,
65094,21554,53639,32157,51476,43768,16002,74361,27664,
65209,65209,32265,1380,28573,10429,21991,9106,7430,
65545,54356,4657,54110,75353,54731,60749,61544,30150,
65589,36290,54533,44056,54193,199,26618,22233,13422,
65660,56262,5687,8098,36277,61347,73579,2218,65660,
65831,79219,6999,2530,55550,75878,52302,4598,40902,
65872,43774,82104,26749,10431,45435,19073,71814,65872,
65965,3255,38813,75946,16639,41436,13836,52302,54110,
65983,5828,28409,58402,1105,30031,37541,22169,65831,
66329,58273,38813,68782,32265,55382,13569,49961,53639,
66451,60265,989,37541,60265,9088,7455,50940,16544,
66479,55586,37835,29483,57457,199,49777,3478,3658,
66517,20217,32505,70791,1657,3804,47461,81999,5851,
66525,66525,80003,68650,68650,66525,68650,66525,66525,
66564,7431,42130,65040,6435,39129,5294,49781,40297,
66582,37041,4740,61823,57638,25115,60029,45821,50729,
66590,60029,67761,3061,5987,13354,47853,65209,47461,
66604,3804,34903,6420,3169,35391,3255,8880,81889,
66645,2585,8792,19160,27671,33508,42371,27082,82394,
66659,3020,8037,66582,30079,30660,39255,61823,38025,
66898,3835,3240,43656,8517,15866,47559,44116,30082,
67075,68,13781,2509,65090,10429,7038,27514,41436,
67082,65965,31705,49546,4417,67142,82175,82171,32157,
67105,1537,13875,1630,55541,34344,8659,70594,60194,
67142,31910,81891,39393,51797,73438,3714,67548,82528,
67277,15963,39191,37569,36565,8265,16118,445,37986,
67337,17530,44507,47767,2426,80251,43768,57099,54544,
67374,5465,3240,55550,16591,26245,75732,45435,5405,
67548,199,31759,50460,3156,54389,51634,60023,55061,
67594,2530,49647,66451,82528,16103,55763,50235,36806,
67629,37041,2398,18835,45434,69611,54104,45759,61005,
67633,67633,7094,31378,72684,7116,3255,11216,8517,
67761,989,67761,3714,36840,199,65209,2567,6791,
67771,81889,39258,4706,17530,66645,11216,50765,57638,
67853,63576,46107,5987,2491,30889,7104,46077,72,
67883,23860,52511,74061,17630,6420,41908,81115,63153,
67971,4083,49544,67971,201,180,4014,2283,25691,
68133,25532,35586,2179,1630,33545,79873,3169,68,
68522,30799,45124,36045,46654,45433,7041,64489,27494,
68650,80003,76598,80003,74045,68650,66525,68650,80003,
68782,28615,26777,62156,2713,58466,62156,2713,19502,
68905,59370,55586,70004,30889,66479,59507,3478,68905,
68963,762,68963,68963,31910,5155,68963,62061,21423,
68966,81893,49781,33107,34347,37384,14031,6295,41996,
69262,7605,8634,62432,65040,64506,17450,45750,46733,
69330,54038,6916,32157,37986,3478,24215,32265,43656,
69351,38870,67105,21893,67142,1074,61612,21514,45124,
69368,5405,81770,69368,30456,39583,3788,67761,56738,
69385,81906,59376,35821,16322,59013,41327,58492,4368,
69611,16118,4326,864,7116,59228,40297,71651,61153,
69631,73579,13606,72079,59699,3322,4368,31373,7616,
69844,46619,44491,42070,14028,74512,66645,5987,31998,
69848,53599,23041,82185,51567,81889,65589,69848,22965,
69952,64454,772,45124,40488,15773,49546,38604,45396,
69962,37835,22295,28201,811,2605,7094,3174,38519,
69990,72490,27494,36565,7386,34364,77122,53675,10871,
70004,54048,51913,67105,4598,70004,20973,10454,54104,
70141,811,2621,53653,41908,32547,79301,30799,41970,
70205,18835,253,1724,62156,14028,6714,68522,26208,
70461,4507,7431,10915,16311,13809,34344,64904,19813,
70587,82005,5405,49776,70587,24925,81915,740,58807,
70594,39578,6303,37259,44632,9029,5036,67075,63153,
70684,2509,162,7430,27872,55563,9013,4851,45759,
70791,40488,65040,41327,68522,64426,35712,21719,2493,
70931,81915,42207,39966,3169,4131,70931,76566,9106,
70937,19683,34901,59376,33143,70937,9088,54731,36311,
71632,3389,14031,41908,2585,6437,10331,33107,42502,
71651,79873,52230,81889,57479,7386,71651,50449,49749,
71724,17630,33629,19683,4759,4657,2567,37541,5987,
71797,29758,44747,26777,64278,8956,26510,54254,54348,
71814,49783,82528,23570,7094,5266,10645,78892,19160,
71902,10871,10973,34344,16497,13700,68522,28561,4972,
72079,38025,46077,81858,67883,53599,2569,55586,5252,
72375,27970,72375,29123,13809,58443,32507,4759,25434,
72490,62286,69351,73438,55763,10244,24719,5353,24146,
72684,81894,55586,5405,44056,61090,5987,40316,2713,
73143,4792,2283,201,30660,3169,13569,811,54389,
73438,38813,36311,9068,16006,2283,81806,26777,76845,
73451,2834,64581,82446,66329,6791,5987,21089,6916,
73579,272,67142,45182,72375,16322,35808,81957,75847,
73980,74470,5849,38441,73980,41392,40879,49668,44056,
74045,80003,76598,76598,66525,74045,68650,74045,74045,
74061,1340,61347,54315,57727,25696,2118,5818,55839,
74194,82528,38813,19160,20775,669,29394,40120,74194,
74208,53957,31378,40198,24670,30072,54048,1085,67374,
74255,2605,7787,39583,56002,81770,35712,41908,876,
74361,64116,19160,4014,73451,52302,199,2713,1414,
74470,199,21763,27477,66564,59507,55550,82394,29224,
74512,54533,29056,4507,7430,36773,33263,58443,7430,
74685,27494,25115,74685,55586,21597,989,35482,4417,
75353,9228,32507,45435,4417,50145,11216,82005,43212,
75499,27262,51492,52230,82446,17388,35821,38604,37259,
75732,40902,19160,7787,64278,9106,2493,82445,40100,
75787,81906,56002,54325,4697,82104,82104,50142,44491,
75847,56002,43212,67374,81999,5077,7944,199,51913,
75878,45435,72684,64426,16002,61791,6303,188,199,
75909,29224,199,2179,47461,3853,16322,39191,75909,
75946,81906,81883,40100,55238,62318,82394,1339,81893,
76012,76792,25434,4131,39578,5784,1445,2903,29764,
76443,60440,54141,6944,76620,2931,13781,81883,5828,
76517,46077,70004,66898,55685,27145,199,37986,81883,
76566,2621,7431,50142,5166,162,40120,162,51854,
76598,68650,68650,76598,76598,76598,76598,66525,76598,
76620,43774,49647,30031,17223,81891,43576,36311,43768,
76792,22289,76792,32713,60265,59234,4417,9013,7455,
76845,61921,42207,4794,6169,27262,5283,59984,199,
77020,17530,7791,49961,3658,31998,33629,43212,75732,
77122,81892,9071,28561,33143,77122,3169,2177,4697,
78312,32036,81446,2543,75499,6420,6270,38808,79219,
78677,65660,7654,7431,66659,51475,66582,8562,30660,
78740,78740,78740,81959,2398,62788,39583,60510,70684,
78892,4443,65040,4083,59085,180,55268,10281,60107,
79163,45435,34901,48047,48047,2713,10513,46029,23860,
79219,2903,8815,54128,27245,2262,81889,62816,82104,
79271,2197,2605,1539,49668,24925,4417,49781,82005,
79301,51797,26749,31532,67971,62142,1105,5077,79301,
79873,32547,45433,34750,79873,63340,4792,29394,2283,
79982,3174,59376,7654,1807,52230,41613,25684,2316,
80002,80003,80003,80002,74045,80002,80002,80003,74045,
80003,80003,80003,80002,76598,80002,80002,66525,76598,
80251,2550,49647,81889,40267,25691,54544,51279,21597,
80337,4598,3389,2569,6714,199,79163,5594,81963,
80434,38333,17630,64278,199,66517,31553,16094,49948,
80500,59699,7633,181,58807,60107,13809,79219,46983,
80705,81959,28201,2965,81918,52488,57833,3478,1035,
80888,32099,37199,81906,307,3826,1605,4598,59507,
81086,32157,4697,24215,37932,20712,59984,2530,24215,
81115,7616,2179,62061,3788,58068,5315,39578,81806,
81446,68522,54356,5849,27493,9037,7633,81918,81984,
81465,3804,82438,82446,46050,54128,3255,26735,26973,
81499,55697,7299,81806,51475,80500,5851,62018,6346,
81507,11093,3478,65831,25696,38025,32713,7616,13809,
81630,10513,41719,26208,81894,76012,4657,4706,28630,
81717,24133,2530,22289,64116,34699,27721,54356,54356,
81770,64581,62061,5166,69611,62432,69351,56653,55685,
81806,26430,4876,40273,2795,22617,41719,51475,30082,
81858,39258,49679,54048,1807,9106,22617,3478,50071,
81883,55685,45780,81717,51469,4697,81959,18207,4520,
81889,54048,15866,51572,16591,69611,60106,41908,28630,
81891,41970,32157,32157,81959,82005,81891,9106,8292,
81892,55758,38441,32483,81893,29875,199,4326,71814,
81893,4157,5987,32693,23041,41436,81883,56162,4083,
81894,81858,64904,81906,32547,51797,1959,9157,44116,
81906,65094,46619,81893,890,58807,60106,28746,4293,
81912,51469,28652,48764,23570,19274,65983,19502,3255,
81914,42165,54254,82104,81894,9106,81894,5636,27245,
81915,45992,13354,32157,1022,81894,4083,41996,69611,
81918,40273,49777,30456,45750,81883,7633,22289,18967,
81957,69611,2931,61153,15773,58505,34901,9029,60023,
81959,10111,22289,49721,51522,10331,3262,55110,38050,
81963,2338,49690,8098,46619,54533,57479,40488,5987,
81984,51501,50220,75499,81906,50217,40198,57544,17530,
81985,42502,45797,54126,55763,45750,4014,16639,2931,
81999,44056,49408,67082,1339,55541,59234,26457,70004,
82005,31998,58735,32157,70587,56022,46733,81894,39834,
82034,7547,71724,69611,3630,762,51475,16002,5077,
82104,47853,37259,74470,54128,81894,1630,81889,32893,
82171,13613,2170,134,49683,50825,28652,2713,740,
82175,80337,199,54356,67374,54104,56022,49679,81957,
82185,59234,6420,81918,81770,27262,1014,30660,44632,
82267,38808,64581,58505,4697,24133,82267,66479,81507,
82288,55763,2003,4326,26693,199,19683,34511,26693,
82329,55642,2318,81630,35821,34699,59184,8155,14131,
82394,951,4792,56262,10244,38960,725,82394,82394,
82414,51797,43768,3169,50235,54141,42466,3255,51797,
82438,55437,45124,2509,55268,81957,79271,60029,59109,
82445,51677,78740,3478,26973,78740,82525,35773,23570,
82446,55800,57099,8880,65831,25545,81918,7094,3630,
82524,81999,15866,6420,2262,164,8956,9106,82524,
82525,25437,80888,69611,199,82525,4794,20137,81959,
82528,49778,58273,3948,82528,28067,20712,51677,25696,
