68,31705,5987,669,2262,74361,1886,199,9106,
72,21148,8880,82394,50023,17388,32713,34489,44491,
78,15866,46044,2086,81959,78,40902,30799,34347,
89,365,2846,46077,5782,8634,46050,22844,43768,
134,38808,25853,49899,44116,54457,43774,4417,8155,
162,2621,5077,9228,50940,76620,42478,43973,46044,
164,5723,7430,40457,5849,39191,4876,1473,19694,
180,3686,59500,73579,49819,22617,64506,4792,75847,
181,60888,38488,3255,6709,37835,45407,19160,34024,
188,75878,15863,4040,67082,1121,49695,35712,69385,
199,27664,27664,4792,5987,5283,49542,10871,81465,
201,81717,61090,49646,50145,60216,50148,68,51081,
238,2170,2717,81889,23629,1340,1627,7195,5283,
253,40457,44110,6999,81959,6916,5385,7222,55550,
272,4898,8659,49776,5942,3478,35477,54544,48078,
307,307,29719,31503,5339,4598,68905,81891,38813,
316,30082,74194,5749,81914,28561,2734,20973,9157,
365,6709,81115,20137,64426,38333,73579,32505,9068,
438,41908,45396,52230,64477,3478,64119,18835,9068,
445,59699,44491,54048,38933,3783,8111,65090,82394,
669,4762,725,43973,50940,55395,14031,201,201,
725,58807,42502,725,70587,725,6451,6944,45992,
740,28421,49418,49418,49718,50071,38604,42371,36963,
762,772,772,64477,29123,59013,3885,6806,16103,
772,9068,64477,55149,19683,180,67548,10973,38870,
801,70004,25545,26497,72,51854,39966,5687,78,
811,46983,3658,54540,4762,17530,16591,54254,81446,
823,69351,15866,25434,81891,5594,54315,4014,5942,
864,72079,8880,5942,5942,40198,36565,81894,5077,
876,9106,3169,876,52736,38813,38813,2543,9048,
888,44507,10871,888,51501,6806,6806,38068,46733,
890,67771,75909,37710,3948,64581,49695,4083,78740,
892,45180,50148,14028,39840,2398,4417,5294,188,
951,33107,3478,10310,74685,70004,1627,70004,47400,
957,69952,25910,957,52706,1630,63717,64241,3389,
989,180,52510,42130,45180,4898,65965,2338,49777,
1014,32157,59984,82005,81883,438,29949,48047,75499,
1022,3567,1627,20028,19160,49690,73980,3201,32157,
1035,59234,56738,36565,34420,4697,31910,59013,4417,
1074,64506,41908,57632,32505,26474,4972,1380,2543,
1085,3359,7299,69611,14004,5945,45353,43656,41613,
1105,16774,4792,30736,48047,81959,7591,19476,7455,
1121,3169,39884,5782,7854,57310,2530,49961,9070,
1264,8182,823,238,41702,22169,39884,5828,31705,
1278,51797,51572,30072,66645,17223,54110,68963,68963,
1339,51114,45180,25565,26777,60335,53675,3948,71651,
1340,6632,7455,38488,49883,9037,81465,42716,3679,
1380,2003,7225,3679,23301,33545,18835,71651,199,
1406,39835,1539,81985,49774,47853,31378,59228,39255,
1414,59491,61005,4417,58492,44116,67883,53878,81892,
1418,4417,38813,30072,5763,6270,28409,6295,20137,
1427,7605,54048,31553,44110,4851,30531,26777,989,
1445,57632,81891,81806,2713,64506,34901,54128,316,
1461,4972,20028,49819,60107,1445,80888,27664,16591,
1473,3061,51295,39742,33545,73579,27721,7842,30456,
1537,2578,60106,31378,38960,54141,43535,17803,957,
1539,44831,26245,52736,44116,70461,22617,50465,19073,
1605,2218,27145,5294,29954,26510,3487,1724,21089,
1613,82171,37474,2543,7041,65983,2578,63576,33545,
1619,48078,10973,7053,32157,51469,40273,59984,11216,
1627,69351,31047,27082,30644,50148,43774,49665,51295,
1630,49883,49749,27872,48172,181,45180,74361,5339,
1653,82267,38025,60749,164,5782,68966,45124,39032,
1657,2543,61823,25434,10281,13776,823,11216,11216,
1677,81918,60216,74208,26457,7902,41702,4598,62061,
1710,7944,42217,1710,10871,63198,61921,6999,7302,
1724,23570,27493,81999,27145,42207,40894,2509,5252,
1807,50650,76620,4898,13474,6833,57457,27514,7730,
1886,61465,73579,26510,8927,5828,67374,25910,10915,
1905,2585,7591,2903,2903,51502,63370,27262,181,
1920,15787,59376,20028,30264,3478,23041,79163,22686,
1928,69611,3788,9228,3853,81465,69844,50460,9037,
1959,49543,5763,5077,42371,46733,54347,38813,72375,
1984,2218,32547,62018,36565,26474,37675,6830,81499,
2003,49544,51501,4507,5987,68,5594,23570,2305,
2077,81918,11208,51913,63340,51502,51475,6830,25455,
2086,772,2530,16604,23629,79982,28067,9228,9029,
2118,42502,2903,66329,2530,13700,81959,11235,50146,
2126,16896,45797,25115,59699,30736,45124,81893,2170,
2134,82104,30799,6632,6977,35712,82394,82005,5987,
2150,11093,78,1445,29483,81465,40198,37199,9106,
2170,67633,64506,26497,13569,3478,2509,199,75787,
2175,7299,23301,5367,33629,1537,55697,27213,438,
2177,3020,82175,890,10904,81906,81889,20775,64278,
2179,7902,61544,81770,42130,57099,31998,25455,66479,
2197,10431,25940,38050,30531,54104,19160,40100,73579,
2202,50148,49948,9106,42381,55110,61823,27245,8956,
2218,51913,62156,21423,39558,3826,10454,27262,32157,
2244,26474,81891,9029,4792,63091,53725,71797,38519,
2262,72375,9048,37710,81984,40267,70004,26973,82005,
2283,7225,67075,54731,58068,73579,27567,43978,40267,
2305,9013,57099,9228,36045,25691,33629,55550,40894,
2316,65660,64241,61465,3487,2498,7038,40725,2569,
2318,2318,49948,54356,876,74194,14004,45797,26208,
2338,69844,41908,5987,64426,37710,69611,7386,4759,
2363,32163,307,22289,2086,40488,16311,4520,25437,
2398,199,55064,725,79219,67771,68966,4417,73579,
2426,54693,36806,6346,50023,3567,58907,10383,75353,
2491,49749,6458,3498,1657,67142,54348,4851,2118,
2493,52676,17630,7431,64278,61823,6944,56653,5339,
2498,38488,2218,50460,2086,19089,6169,3478,25115,
2509,5563,44116,51399,2931,238,60749,60106,27145,
2530,3020,21893,74512,29056,40273,63153,19274,63717,
2543,57748,57632,7712,1278,27514,3630,876,13354,
2550,21719,81957,34344,62432,35808,45821,65545,56262,
2567,20028,59184,29394,9228,9013,7547,8562,21597,
2569,49565,7041,48988,8815,740,56774,8111,8111,
2578,4697,21554,72079,27262,60440,21705,47400,58505,
2585,9013,28496,15760,55092,7169,55893,61005,8956,
2605,4417,29719,58068,40879,29224,81883,1657,41613,
2621,49090,61090,81891,6944,45821,9228,55586,6313,
2625,36963,67761,61347,19274,65094,35278,40879,2713,
2713,31503,81999,6060,43656,50023,3948,44507,16118,
2717,2931,81912,81891,81086,39583,35808,49827,37710,
2734,51557,49578,81889,49899,62061,9037,44056,34344,
2795,48172,18207,16311,69611,49410,9157,52364,7547,
2834,61465,54316,2834,4851,66564,989,78312,4794,
2846,5987,9106,7688,17803,28615,8385,7072,50148,
2903,81465,57099,26208,16691,3519,20775,16103,34699,
2931,19274,5987,63153,22169,28561,66659,5477,39393,
2965,55642,58443,8385,81858,51567,46107,35477,34347,
3020,8155,5283,1340,45759,2426,2509,37917,15773,
3061,81894,16896,5405,9048,49695,54769,51797,37501,
3156,50958,2426,13422,48078,4722,37541,5987,82394,
3169,81465,6944,1605,1605,37710,7225,725,40198,
3174,22617,6060,2118,2118,61912,10244,3389,55268,
3201,3359,4851,23301,65545,27262,51295,37932,45353,
3202,7225,32319,37199,45124,17450,51567,54038,64615,
3240,75909,82267,2134,6295,82005,6435,6379,3201,
3255,16118,65965,78312,61612,54058,63717,63370,61912,
3262,9013,20712,53721,64506,67771,35712,21514,25915,
3296,67082,17450,7430,81894,307,253,7116,52488,
3322,52511,62888,29224,7455,43973,45124,3255,49563,
3359,27477,9037,3322,1473,61612,7973,3020,1657,
3389,37199,35712,51540,37259,8099,2363,13422,13836,
3422,68133,7104,5828,81985,21991,37986,25696,6437,
3478,50281,6313,28838,23570,6944,5252,3478,70205,
3487,307,48988,59184,70587,50071,1085,2398,38695,
3498,8265,18580,21514,47400,55839,89,81959,50071,
3519,45992,57632,2126,10239,76566,21554,43774,54316,
3531,69631,70937,62018,63637,40488,60106,3020,50940,
3567,45407,49961,5060,67082,51557,81894,41702,89,
3630,62888,5053,62888,2218,76517,49831,41392,27145,
3658,40297,52488,5477,8111,19089,34511,30031,60901,
3679,50316,49646,31532,38441,50036,71651,59013,23570,
3686,79301,46029,7730,75909,253,64528,65040,40725,
3714,46077,27262,44056,28838,16118,29224,33545,45124,
3783,740,37932,6060,6060,27970,3478,18387,14031,
3788,55092,8517,28421,49574,44632,54048,7225,69844,
3804,45759,43973,28630,81915,4851,63340,22289,5987,
3826,199,9088,81985,54048,9264,34901,2713,81806,
3835,43538,8517,26735,2846,13510,54389,29394,54693,
3853,26973,7094,5849,1427,28838,5987,17630,8634,
3885,57638,6714,2795,22194,3885,52230,5155,5155,
3940,6313,56162,24146,26777,66517,66517,35773,29719,
3948,2713,60749,4898,2585,57099,49831,5594,4706,
4014,20712,17223,18387,68133,51797,82005,24670,52706,
4040,29578,5664,5987,20212,58735,21089,23570,5987,
4083,49543,6313,7041,80434,16103,740,54126,7116,
4131,27245,2305,29719,4697,30823,51114,37501,18207,
4157,81889,45180,54104,40457,2931,57310,26707,81630,
4293,55092,82267,41327,2578,39742,669,3169,42502,
4317,7712,23041,18967,54254,34903,20013,81892,7072,
4326,42466,51797,45178,2363,17530,81915,51797,71651,
4368,57310,5942,4697,6437,39129,10331,3255,7386,
4417,44632,51295,47461,54544,4014,49831,49546,34420,
4443,81891,55563,15760,50449,9048,27514,21089,25490,
4507,4507,47400,30456,2903,6999,44632,81891,81999,
4520,3255,8111,61921,7464,41908,39835,54048,31705,
4598,25437,73579,56262,39534,3948,82175,2363,49679,
4650,365,52510,63179,75946,13700,80500,3630,58402,
4655,43538,51502,35278,48047,4851,1427,60888,13875,
4657,64528,4706,3174,53725,37384,2965,37932,48450,
4697,1724,11235,30531,8382,32713,1473,81963,81963,
4706,45434,53721,1105,49646,26703,8713,8880,8292,
4722,26777,3531,7654,73980,81985,49745,47767,27145,
4740,57457,17803,65965,60901,41405,5288,6806,6806,
4759,26968,74470,29578,35821,25853,1677,59507,56002,
4762,68966,81630,25455,3255,3940,29558,76620,30031,
4768,72684,70461,37362,9013,67374,81894,44632,70141,
4775,7116,54128,19586,10310,47400,49948,49732,5784,
4792,11235,68782,61333,75946,5283,37917,59849,14031,
4794,58656,82034,10429,43538,64278,27872,22767,27145,
4799,199,3389,26474,76620,7902,43768,26777,3940,
4851,40457,58505,41436,16742,30082,1427,8385,1605,
4876,36277,45434,51469,199,37541,35821,70594,989,
4898,67971,3531,55763,10429,39191,6830,4972,82005,
4951,73438,59644,37675,6944,62432,52510,3567,55758,
4972,5294,44632,22169,2621,1035,46619,82267,16497,
5019,3478,46733,61153,62142,3169,54128,55110,54038,
5036,81959,44632,21149,40198,75909,37259,82528,44116,
5053,5053,67629,20137,5987,5053,6060,2493,63198,
5060,77020,3255,54038,82185,81918,3255,82005,26164,
5077,38813,3422,2713,73579,60106,4443,59699,89,
5155,54104,26208,5784,81770,38025,62991,23570,60106,
5157,26815,37295,34344,19683,55839,61347,4417,81891,
5166,25817,72684,5166,21335,35560,55110,3948,16103,
5252,3169,43768,51522,81985,45434,30985,38932,17803,
5266,7222,50336,7195,17796,15963,38808,16591,1445,
5283,199,49324,65090,60029,10331,3255,65209,38870,
5288,81918,16103,29361,30041,7386,51476,26457,81858,
5291,51081,23041,45759,9070,5987,42381,31553,19160,
5294,13875,73980,19160,2621,7902,27553,69351,69351,
5315,49819,3422,27664,2530,50449,49718,49324,27262,
5339,9088,4040,5339,82005,75353,45178,69990,38813,
5353,45435,18967,44491,44491,9013,16742,38792,54315,
5367,6806,6806,15787,16591,64406,46044,5367,16006,
5385,46044,2931,27936,9264,67337,6714,31532,42217,
5403,72490,5060,51049,13781,3240,50146,61333,32099,
5405,2717,55550,59298,59298,76620,42371,3714,81963,
5414,18835,60023,10915,4898,28838,71632,34901,82528,
5465,49683,64904,49749,49544,19160,18580,33629,42217,
5477,11208,49647,22965,47853,3567,26735,30736,55268,
5563,3714,59234,55685,30531,5563,2530,26735,7712,
5594,8292,3255,9037,6458,35560,45396,81889,81893,
5636,51399,5477,39129,26973,31553,957,5784,19502,
5659,21597,1807,61912,13569,70004,56653,69962,823,
5664,71651,54544,10431,21514,64904,82185,5849,10429,
5687,45992,4131,32319,39884,67105,5594,740,30031,
5723,35091,44632,35560,8008,81889,8098,39583,3169,
5729,65965,27872,80888,7633,3478,3478,2086,33545,
5749,1074,2398,69262,272,57099,38604,41970,26703,
5763,55092,57544,27824,26735,50142,69262,49778,81918,
5782,59820,33263,47400,50036,45124,81959,3940,5367,
5784,1085,18967,37710,36545,6437,49890,199,75847,
5818,19160,2118,55586,14076,34347,2530,6833,67883,
5828,5060,80500,3478,9048,42130,51557,49783,54769,
5849,81446,32157,30456,890,60029,73579,65094,26973,
5851,5851,5851,60107,9243,25544,3853,28067,2567,
5942,29875,16322,16006,27567,81999,26693,4898,6437,
5945,56653,77122,75732,35712,16591,8880,49899,3478,
5987,81963,70004,8713,5405,740,34901,199,81889,
6051,81891,22965,59984,55685,8517,74361,63041,78312,
6060,27671,46654,54533,6709,27872,4507,62061,62061,
6169,50281,30985,59507,35712,27493,53725,32265,73438,
6270,26809,49544,26809,42070,54769,35477,61912,1605,
6295,13776,31378,238,6916,53878,71814,35091,35821,
6303,16604,669,81770,79219,16591,51399,199,54104,
6313,49774,8099,74208,49890,54048,81999,34903,36773,
6346,888,9013,957,7656,44116,9013,51540,64119,
6379,27514,38822,8517,27352,58907,58907,58466,44507,
6420,6437,59849,62816,24719,50145,42070,1905,2363,
6435,51797,31373,31378,10383,6999,10331,6270,38813,
6437,19694,18457,54254,45434,60107,70684,8182,36311,
6451,61333,35773,2713,823,33107,19574,21148,7779,
6458,14031,50071,8880,4697,64906,64906,3498,864,
6632,81858,54533,45797,41996,81906,55550,2202,4417,
6709,164,9013,45434,3255,80251,2491,60029,46077,
6714,4697,81999,7041,61304,26707,3156,3948,5987,
6791,30889,4722,1657,2244,76012,17803,3389,63041,
6806,8956,27494,6806,6806,16591,73579,79301,13809,
6830,25544,25544,5291,10431,6830,16322,438,39215,
6833,81891,4131,42207,39578,4876,50449,56002,17796,
6916,13422,55586,54104,36565,4326,2262,6916,21600,
6944,3169,10431,82005,4697,7094,9157,45180,5987,
6945,39578,16094,27046,55328,61612,66479,20712,3478,
6977,199,41327,13831,14076,5367,35426,9013,37917,
6999,50217,7072,68,68,81918,9106,21719,75353,
7038,3531,445,2903,35712,39129,33629,7041,3714,
7041,957,7431,5077,59298,16591,22295,44116,61912,
7053,3531,58068,67594,73579,7591,59849,76443,53957,
7072,43774,44116,55110,35408,28573,55151,81889,18457,
7094,7108,10431,15787,59849,4794,51797,7041,11093,
7104,7944,7730,82446,13781,82288,57099,3169,28201,
7108,49546,46029,4706,81883,51469,44116,51572,3202,
7116,54038,32157,3487,56162,27262,25817,51399,37710,
7169,44758,65209,2118,73980,2621,25696,25853,29224,
7195,60265,45124,1461,3788,62816,73451,46654,32163,
7222,51114,37474,42381,81914,4598,4697,28067,55382,
7225,48172,68522,55763,1886,37041,26164,55541,6060,
7259,2134,66479,51797,957,16289,2931,7259,5987,
7268,38604,238,13781,11216,5294,67337,2316,76792,
7299,5385,52364,2530,55149,1886,28615,19089,30823,
7302,55151,35091,46619,20973,30823,45821,49714,7712,
7386,6451,17796,17388,55642,64477,39463,4951,50729,
7430,51677,34903,61333,2621,34714,70141,81914,49714,
7431,37835,89,42371,38991,27046,39463,3169,49899,
7453,54540,49409,39834,8713,1473,34344,6169,55151,
7455,57310,51677,7455,7455,26749,3487,25434,41392,
7464,8815,37259,199,45353,2126,82394,80251,23041,
7547,63370,2262,26332,50036,51797,957,14031,1427,
7591,3478,3478,68,68,32157,6437,201,44116,
7605,19160,7455,58289,4598,33629,21991,81959,6458,
7616,44110,7116,19160,7633,8182,30079,54058,60888,
7633,17796,2363,51797,81893,80888,6806,46619,57544,
7654,52706,38333,55563,37295,30882,54693,32483,316,
7656,54315,39835,58735,164,21906,51475,69351,42478,
7688,5723,69952,25696,16289,2625,54731,33263,3853,
7712,7072,75946,46044,52639,81918,59500,29552,4775,
7730,62061,59184,7730,1657,27936,957,6313,30072,
7779,5077,34901,31503,10454,55437,50217,82394,2509,
7787,30264,10281,82528,75909,51502,79219,26618,3498,
7791,4443,64506,44632,3255,58787,22686,66329,4706,
7842,31553,30456,3686,28838,4507,8099,44507,44507,
7854,67075,63091,55893,64615,35808,35808,39191,35712,
7902,81891,29394,6169,7654,41719,61090,5155,8292,
7944,28067,45821,59228,8382,55328,36545,7730,46107,
7973,22617,957,75909,7944,201,15773,45407,42466,
8008,81717,63179,45797,39583,39583,51049,29758,8099,
8037,30799,8265,30456,22233,3359,59820,19412,46044,
8098,81889,15773,81891,50825,41327,80337,82104,14028,
8099,1627,49544,25565,64454,1418,5851,56162,45180,
8111,8111,17630,35391,45435,55550,3948,54104,69611,
8155,5294,55151,27936,2931,67082,52302,32319,45182,
8182,35712,45821,11235,62432,57479,22767,10973,19073,
8265,3255,81507,39578,51476,63041,38703,307,43768,
8292,22295,43978,41702,45180,64904,56187,6451,2543,
8350,50216,5987,55061,56774,180,70205,49668,5784,
8382,75909,55268,54325,81465,24719,44388,34881,31910,
8385,63179,59184,40198,64116,30079,81999,31532,31532,
8517,2530,27514,79982,29321,5942,31503,57099,23629,
8562,55395,5315,55697,38813,6451,9106,2244,199,
8594,3478,39558,54126,46107,81985,48172,45797,2931,
8634,10973,29949,2846,54347,37675,10454,35773,26777,
8659,39884,19683,52302,27824,39032,16544,60107,54126,
8713,3567,49419,29578,44390,60216,17796,25437,37199,
8792,55550,22617,49714,1613,51913,7455,40488,22289,
8815,38813,42165,50940,4740,16604,40879,72,59820,
8880,199,37474,51572,49544,26693,7455,62286,32893,
8927,73980,6709,65965,53653,4368,4794,71797,162,
8956,3478,58505,5315,16118,8956,8956,79219,32893,
9013,76845,76845,54540,5283,8880,81891,39542,64489,
9029,49749,81918,55382,2530,199,11216,61921,34881,
9037,5828,2177,17530,199,60440,81892,989,51492,
9048,10429,10429,21893,27464,54389,22617,26703,81894,
9068,17388,17530,888,30736,43774,62888,3202,50036,
9070,39834,18207,42478,8927,10871,3948,60335,55382,
9071,47767,28201,1653,44758,67761,62156,5339,43768,
9088,17630,9037,26815,73451,55763,37835,3201,47767,
9106,5266,48047,3478,55563,51812,16118,3519,41702,
9157,80500,55893,54104,78677,10431,71724,39129,53653,
9228,3201,29123,8659,75847,43774,43656,66329,61612,
9243,37541,1959,9071,61090,78,1074,5252,42502,
9264,64119,1278,5987,16289,60029,55586,4417,18580,
10111,21089,4876,39258,54104,10111,81984,16774,49679,
10239,49408,50217,81957,57748,27082,44747,45780,81963,
10244,29483,29483,74061,34024,2118,27671,199,67633,
10281,63198,35712,43973,36840,53675,51502,5987,1121,
10310,7041,13474,1613,11208,3255,3255,3788,27664,
10331,10331,199,5339,10239,18956,49563,11093,13354,
10383,3322,4040,59109,5353,76845,6945,80434,51114,
10429,1657,45124,38813,31378,6458,22767,72,57638,
10431,45146,54254,54348,54858,5465,59820,54128,76517,
10454,3255,21335,1473,66898,46654,4368,40696,64906,
10513,27664,54769,54356,4722,34903,37569,32157,4650,
10554,58289,81894,3255,64241,42478,811,81893,26735,
10645,77122,4326,46107,1035,45433,7455,5849,8880,
10871,3487,740,1427,5851,10431,45178,25115,5367,
10904,64116,5818,51279,47461,66517,38822,34750,21423,
10915,28652,38333,27514,50235,58244,48047,50781,253,
10973,51540,26809,8265,8265,68782,61153,82171,8815,
11093,39191,876,3169,81893,74255,51677,7222,8792,
11208,42466,56653,57457,8037,21149,68522,55238,69848,
11216,31759,33401,63370,10383,65872,811,59234,64581,
11235,35712,30736,52676,49419,29764,36565,46044,50148,
11272,3174,52706,8098,2965,11272,24925,4762,2177,
13354,32506,1105,10454,3478,6303,19160,2318,78312,
13422,39393,52706,23712,81957,34750,3296,71724,80500,
13474,22617,38050,58907,60029,49831,51572,49776,27262,
13510,37917,43774,45759,47767,23712,57544,56002,58735,
13550,16591,22767,38792,2077,50958,80434,67142,10871,
13569,30264,61612,4326,70141,54356,20137,6791,26777,
13606,77020,21763,4507,50146,55082,74208,28409,29954,
13613,29949,51797,53599,4083,63576,4520,81985,55382,
13700,27514,72375,24215,75946,25915,43774,14031,6945,
13776,28630,78,2170,74255,41613,5987,2126,39578,
13781,4697,44632,40100,1539,3826,73579,46077,53878,
13809,7791,81889,48450,50578,60888,15866,51854,5405,
13831,37541,1406,13831,81889,6806,6806,36565,51634,
13836,26777,55382,24931,74194,51567,46619,16544,22617,
13852,61921,55082,2625,49776,13852,32157,82175,199,
13875,1630,71651,74255,2179,199,18387,10331,134,
14004,36045,36045,25424,42716,37675,44507,73438,51279,
14028,36311,81985,25490,9228,81893,28746,61912,1653,
14031,32693,11216,51114,2550,31373,4507,28496,3255,
14076,18457,29719,60440,64477,43768,4131,13354,22289,
14131,188,19574,60029,59500,64116,50781,16497,40120,
15760,35586,4775,79163,54540,81906,65094,4706,49714,
15773,10239,49777,3202,28409,26245,82005,34903,49695,
15787,164,82394,1121,40457,42580,2202,43768,2569,
15863,19412,30799,21597,53725,4740,59820,40100,16544,
15866,79219,19813,44747,80434,50729,50958,365,40273,
15963,65589,52302,8956,8956,23570,59234,39558,60029,
16002,44632,876,81770,69611,7902,7094,30736,81906,
16006,14076,30456,61465,17630,72375,17803,54356,1657,
16079,7973,64528,69990,64278,6313,73579,46983,19813,
16094,50036,28746,24160,10554,57727,74470,2795,55110,
16103,45817,876,30882,4293,2713,68522,76443,61153,
16118,5763,53653,81889,67374,82438,5339,7195,46654,
16131,25437,316,25910,71902,53653,4417,9106,5987,
16289,82005,81957,3322,5291,28630,2197,51540,7605,
16311,58273,7547,7902,45180,13781,75732,37710,81959,
16322,16002,81770,951,56162,67082,11235,4417,6916,
16497,55149,61090,3487,29123,19476,49718,1427,26618,
16544,30660,22233,64278,13836,50825,79271,162,8265,
16591,44056,50460,54048,49546,81891,29552,5166,60107,
16604,669,50765,16604,16604,58053,66479,45435,55092,
16639,22767,16131,7259,43768,4443,10513,4794,740,
16677,21089,13809,54316,3255,23860,68966,57310,5077,
16691,39840,5077,66451,61823,57727,199,2605,58735,
16742,38991,81957,4655,17803,16742,29483,9037,81959,
16774,27245,989,51492,81893,26245,44491,25545,49899,
16896,40457,8037,23570,50036,50281,6458,50146,81914,
17223,43768,42249,55092,21335,8382,43774,6833,445,
17388,6169,39032,38870,4759,4951,42478,62018,57727,
17450,33401,20028,36565,69990,2077,34714,67633,7116,
17530,69262,82446,2509,52511,40457,32483,50148,6303,
17630,4317,50071,61304,31378,49324,42502,7591,55268,
17796,7973,65094,65040,35821,5849,3322,46619,2491,
17803,51279,4507,7453,26618,35669,54693,36565,34699,
18207,10383,61912,16591,10973,7902,2903,7654,70684,
18387,81893,81906,22617,58466,81912,19476,18387,33508,
18457,82005,9243,39255,6295,38519,1653,18457,37835,
18580,6999,35712,5414,15863,27477,1724,29949,62432,
18835,66329,49647,6830,36277,2426,29056,67337,36573,
18956,55550,67082,10239,41613,81918,26703,4775,42165,
18967,11235,55800,9106,32693,30041,30660,45182,16118,
19073,68133,6806,21719,37362,38604,50825,5987,54104,
19089,5987,49776,49668,1959,36277,66329,2218,6632,
19160,3255,2569,81957,45396,79982,75353,79219,8350,
19274,68,445,41908,54533,49410,51295,3478,25437,
19412,60023,46044,6830,16677,35712,7779,26618,62991,
19476,54104,81957,51081,3202,23041,50145,15787,45750,
19502,58244,38813,26707,55550,61333,5729,41613,2734,
19574,7299,42502,35426,60029,51502,75353,49683,7222,
19586,4794,14028,55151,66564,49890,49410,62888,73438,
19683,36822,27824,45124,25565,4762,89,34750,39884,
19694,10871,31553,10973,70684,59234,3885,55382,58735,
19813,76566,34901,20973,81889,58656,79163,29949,13474,
20013,6379,6379,26206,3174,49409,5763,29361,5339,
20028,20028,22169,5987,28409,44134,49544,36311,67142,
20137,36311,73438,64278,59984,11216,10454,53721,34901,
20212,58289,3202,81957,54048,6806,6806,54389,15773,
20217,2965,40457,33508,823,81889,81999,49733,24925,
20712,10239,31759,29719,20712,68,68,5077,57099,
20775,39534,28615,6379,8713,44116,890,9037,6977,
20973,5477,3169,38808,67337,32713,2363,18956,32506,
21089,238,5987,7591,32693,76517,80500,957,66451,
21148,7944,7053,5339,19073,6944,51797,32547,41996,
21149,75787,67374,1461,30882,4520,51812,5594,7299,
21335,21335,44632,60749,64506,15863,32265,43656,60335,
21423,37199,3255,47559,21148,65040,6303,36840,16118,
21514,32547,2197,2543,37710,4657,70461,71724,74361,
21554,59109,2086,54356,54389,8880,48988,43774,46029,
21597,1724,60749,2218,5339,4443,37474,1445,33401,
21600,29483,37569,9037,60107,3359,45178,4759,31373,
21705,63340,20775,3255,56162,34901,5339,14028,36565,
21719,39884,39578,69351,8385,33401,28652,38604,59234,
21763,39558,39558,1627,31047,8562,81115,34901,78892,
21864,40057,70594,81889,199,34344,55800,62061,82005,
21893,36565,9037,21893,44116,21893,45435,67594,44507,
21906,62382,25696,8182,73980,71902,38870,8562,70141,
21991,66564,54533,3169,69330,50148,45181,5784,864,
22169,53639,81918,35560,5266,7430,37986,69952,54110,
22194,49565,238,31705,2363,34364,23570,45124,45353,
22233,69631,29578,3948,72684,16311,67629,57638,272,
22289,34750,1724,48047,31759,54104,37932,199,34420,
22295,25424,2567,49543,81906,2003,5763,45435,62366,
22587,55586,3255,31047,61347,34344,29764,71797,68522,
22617,67594,39191,17450,17530,49883,4762,50071,32506,
22686,6270,50146,80500,59500,16322,49827,82005,29361,
22767,28421,13354,22617,64581,34364,39578,54058,23570,
22844,20013,17796,40120,1619,23570,81985,37501,53653,
22965,40457,38792,81893,35436,41908,81889,3201,43768,
23041,13474,5849,81891,20712,24160,13354,49883,23570,
23301,35391,74361,37710,57099,54325,58787,57748,2498,
23570,3531,55149,58053,7455,3169,9106,5053,6051,
23629,50145,43768,19476,10331,5784,4706,43768,69844,
23712,51572,2578,65545,1657,59013,6830,30985,76845,
23860,8517,2543,4759,25434,70587,62382,5339,58807,
24133,25434,44056,49542,45146,3835,4851,27477,10281,
24146,59699,3487,7656,43973,65983,46619,7431,16002,
24160,37501,9037,2550,6313,36963,26332,53599,19089,
24215,54110,55092,876,3630,77122,61347,27213,35482,
24586,41719,68,71902,61612,26973,4417,40100,37259,
24670,55839,64904,14028,51797,30823,32547,45353,2003,
24719,24719,27352,27514,199,58787,6051,23301,19476,
24925,81918,20137,6435,45182,5763,38870,42207,36565,
24931,9013,11235,45181,21514,42065,74194,22587,7386,
25115,5283,3478,3885,61912,2530,50958,49668,50220,
25424,5353,44116,8265,76566,39884,30456,35808,2498,
25434,54731,2218,7656,67105,61612,25434,5987,59234,
25437,49778,45180,53957,80888,4083,46044,46044,50940,
25455,27262,1340,20137,51797,7195,36045,51475,51475,
25490,18967,51049,2086,73579,16544,34344,82445,892,
25532,2003,49695,1414,2621,25532,5784,22767,27664,
25544,3389,69631,45124,26777,58807,5987,81957,38933,
25545,37932,5339,3478,34903,6270,54693,50145,35482,
25565,52639,5987,49695,81906,5019,30531,72490,45435,
25684,36573,3487,67105,51475,37259,67629,61347,199,
25691,75946,81918,762,46029,42394,3940,199,3478,
25696,44116,49324,41392,4794,48047,21597,5367,54315,
25817,58244,50460,2625,3201,1121,46983,7453,31553,
25853,80251,64528,21149,69844,49565,3788,13510,2491,
25910,5987,2202,69631,15866,1339,49734,38604,49749,
25915,49410,81985,34420,40057,73438,2605,40297,49961,
25940,1984,54544,62788,54128,81891,49774,20217,7094,
26164,2585,81115,66479,79982,5828,28746,8634,3255,
26206,26777,63717,4417,23570,53653,49783,32505,52230,
26208,1445,66898,62286,10973,29552,49574,27145,31373,
26245,43973,35091,4157,44116,27553,3826,1278,10645,
26332,31910,2569,5339,81894,888,20212,38050,38813,
26430,25490,48047,51295,56022,52302,13852,25940,39215,
26457,81906,81883,46654,27213,66564,48306,6051,5563,
26474,42394,60440,49718,19160,43774,51469,1022,16103,
26497,4898,70004,45821,1427,74061,54315,38441,57638,
26510,36840,19694,52510,34344,21705,10331,81806,3487,
26618,9070,3567,5851,3885,62142,81915,25490,1035,
26693,33401,40902,69351,31910,58735,35773,70594,74361,
26703,20013,29764,49683,49683,4706,51399,32157,53599,
26707,81770,1630,3255,36573,64824,55437,59109,55082,
26735,37362,21719,74208,37710,16094,5477,37474,9243,
26749,29123,72375,63153,8634,63041,5784,6632,37295,
26777,51634,68905,61005,63087,49565,79301,16497,39191,
26809,32713,31047,16118,2363,49409,25915,2543,13875,
26815,29321,8927,29321,40273,5782,13510,55563,50142,
26853,8155,1605,3804,9013,27824,801,38333,14131,
26968,3156,67883,46077,27213,3322,42065,43212,39258,
26973,41996,316,65660,41908,4768,33508,2316,24133,
27046,19412,13422,4443,59507,78677,19683,10871,6709,
27082,40725,6833,77020,45146,45435,67337,49570,20712,
27145,19160,3630,44116,37199,51469,41908,57638,1677,
27213,30985,41719,27213,199,32505,62432,82446,1920,
27245,199,58244,67142,19073,3531,27514,81963,15773,
27262,3255,64904,45750,40316,50148,23629,60749,40902,
27352,82394,22587,21906,23712,801,39583,52706,26206,
27464,49647,21514,78677,10310,27464,76566,19073,41908,
27477,50316,61347,4706,54769,44116,44116,164,181,
27493,4040,951,58505,35560,6977,2077,55064,44929,
27494,31378,316,7654,43768,21335,7104,58492,49690,
27514,2569,50465,36565,16677,38333,54858,70587,59234,
27553,34714,9106,79301,78,79219,1380,8956,65040,
27567,57544,7902,52364,3262,34489,82005,27892,81893,
27664,5828,49418,3567,81889,81893,81770,82104,9037,
27671,82394,56262,7431,28615,75878,2543,67142,82034,
27721,8155,22289,51399,2493,37384,25424,54104,59849,
27824,50578,180,5036,64581,1807,60029,39255,26474,
27851,54347,70141,2734,26777,5987,5339,888,41719,
27872,27872,53599,82394,35712,2713,3487,50765,2621,
27892,82394,1340,69262,58505,65040,54858,34347,16079,
27936,19813,10431,82171,29578,2585,6916,35560,3478,
27970,40902,45435,67883,13422,16742,4598,40902,70004,
28067,61612,41719,19160,21600,3169,7072,34344,4368,
28201,7654,65545,75847,5636,3630,3826,38822,9071,
28409,8111,23041,50281,60265,5252,5828,50281,59234,
28421,35586,4417,55151,6714,49733,6060,28409,29552,
28496,71651,199,24670,8815,50825,51572,20712,4417,
28561,81086,14131,199,38488,58735,7116,57457,40696,
28573,58505,71651,49408,8880,70791,4762,64506,81959,
28615,60888,38604,44116,16006,65660,76792,47853,25434,
28630,28630,81912,4083,13613,82005,64477,43656,2585,
28652,65040,64904,62318,32693,77020,17530,54356,43768,
28746,49776,62061,49778,20028,4706,25915,14031,66451,
28838,2530,45944,44116,6420,69611,65040,72079,1445,
29056,64489,37199,35821,43768,74255,74255,72079,17630,
29123,66645,55061,64454,49574,27477,1605,34511,43535,
29224,16289,52676,5828,45797,19694,19412,54254,49690,
29321,64426,19160,62432,58244,21514,892,13809,63576,
29361,51634,30882,7854,42716,9048,43535,41719,26973,
29394,3422,4417,5687,59500,3255,5763,1414,199,
29483,63637,1264,29578,10383,14028,3169,27824,51081,
29552,34420,81893,49721,81985,5477,3202,6806,44388,
29558,63153,52639,25853,52706,40457,45759,59234,38604,
29578,10310,76566,44390,2134,7455,1035,3020,7041,
29719,29875,3255,65965,3487,44116,5252,59984,5477,
29758,201,43774,25696,5414,51399,48552,16322,4417,
29764,24719,58735,19160,16006,21149,38813,59820,39393,
29875,69848,44491,16289,1074,54316,2318,69611,7038,
29949,2965,81770,438,64426,50216,26973,45353,1724,
29954,3940,1724,4083,81891,82005,59644,49778,55061,
30031,25544,27262,76620,61791,76620,34903,4650,57099,
30041,49574,8099,81918,81959,61921,82394,29361,14031,
30072,34903,51469,10454,53878,50036,40488,43768,49890,
30079,63576,68,7633,8292,57748,70684,34714,81892,
30082,44643,16544,17630,37569,24586,9088,2846,58505,
30150,64489,48988,4697,41996,46077,37259,4762,28067,
30264,10554,5465,69611,6270,8815,7430,28615,27046,
30456,2530,89,27082,49781,4507,49778,30823,35560,
30531,2713,13354,199,49783,42394,26497,26853,31910,
30644,82438,28496,3519,62888,2305,4898,45180,31503,
30660,5294,63041,51797,28746,3940,79982,10331,38932,
30736,5315,10239,2621,4697,55550,6169,69611,70205,
30799,30799,54769,669,74470,22587,81499,4657,81806,
30823,46983,75847,81999,82171,30456,9037,39258,31910,
30863,23570,307,70461,17530,55110,17530,199,56935,
30882,75878,60216,49777,38813,67629,5849,17630,21991,
30889,15787,38693,7299,52511,78892,3174,2305,45396,
30985,81894,11216,63717,30889,4762,134,49570,49665,
31047,2605,43768,55268,3519,38813,59984,45759,2244,
31373,19683,34489,82288,82175,62788,7386,37569,62061,
31378,73980,53721,29552,70141,53675,38488,38808,7730,
31503,16322,16591,74361,6945,75878,7455,669,16604,
31532,21089,7455,76566,49543,8182,4655,52364,60107,
31553,30799,2118,3322,42381,35426,79982,45821,989,
31608,75909,25544,5294,59491,48078,3255,81086,5367,
31705,22289,14031,51469,50281,81959,20212,41405,66329,
31759,762,4326,38441,19813,5784,51501,2713,20013,
31910,59820,52706,4762,4792,65983,81858,27213,81499,
31998,8098,26164,7094,56738,49961,67629,81959,31759,
32036,18207,62286,80434,37501,5723,30079,19160,15787,
32099,2965,5749,8713,7455,46619,81889,10904,62156,
32157,81883,49749,20028,49408,3202,81918,81999,62318,
32163,67761,1605,9037,4326,81465,69368,25817,54389,
32265,52736,82394,3686,6945,68522,64454,15787,62318,
32319,6435,39834,47853,27664,49777,66564,21991,10454,
32330,14131,6830,4697,4014,8111,6303,43774,45433,
32483,51081,16896,26618,49542,81963,46619,81883,40725,
32505,19160,8517,16311,21864,32505,3478,181,5987,
32506,54731,54731,50630,34903,16322,16591,51501,77020,
32507,82445,5053,27245,4650,32507,57099,16742,38693,
32547,23301,54110,30072,2338,19476,45780,5291,199,
32592,32592,32592,32592,32592,32592,32592,32592,32592,
32693,60107,63576,44632,38991,70004,81894,16118,3478,
32713,5987,81918,890,4775,14028,21600,6295,55758,
32893,8927,31532,5782,66898,4326,51399,13809,38441,
33014,46619,8350,33107,51501,26430,45434,24133,6458,
33107,46029,64528,81891,4157,40198,20217,33107,28746,
33143,67633,67971,2713,81446,7094,59984,44116,40273,
33263,27872,42165,9013,30456,39583,61465,44507,33629,
33401,79219,32099,19586,2493,80888,49324,34024,25684,
33508,59849,3255,59984,54347,5252,58402,74194,199,
33545,49418,70004,60106,16118,73579,64241,16103,29875,
33629,5053,30985,1653,55763,33629,68,56162,4697,
34024,16639,53653,36290,5987,33508,42217,70594,81985,
34344,39393,5763,16742,39884,58807,65040,180,68,
34347,81507,54356,32893,50765,59500,60107,27514,4131,
34364,3478,49734,50216,2605,45124,6830,59984,9013,
34420,30823,38808,438,3255,6435,38488,70594,2605,
34489,33629,51797,55110,4876,11216,46619,5367,4762,
34511,79271,62991,740,70931,2244,38519,59849,34024,
34699,48306,45181,45146,45146,42502,51797,40696,56162,
34714,26474,28421,45407,57099,71797,27721,42381,28652,
34750,21423,4417,46107,34024,43576,54348,19694,15773,
34881,15773,49408,5339,45433,22617,39966,51502,27824,
34901,27145,29875,30889,59820,2305,40725,33401,56738,
34903,81893,24215,61333,6458,5636,51081,1085,9068,
35091,20712,43774,10429,60216,27664,25490,34347,7854,
35278,25691,6977,5945,7225,54348,72490,29578,31047,
35391,37041,55110,35477,46044,5729,61544,71651,25545,
35408,59376,8037,60023,70594,62991,73451,32505,1677,
35426,37501,44110,76792,40100,30985,18956,21423,37362,
35436,45353,59234,7944,3169,81918,1677,35436,5339,
35477,64528,55586,1657,10904,36565,60029,9037,25455,
35482,16591,162,54048,62432,55550,50148,11216,73579,
35560,38792,66898,81894,14031,7944,199,3804,1340,
35586,50281,56162,9037,51049,57748,36045,7268,26707,
35669,7453,25544,46107,32893,13700,54325,26208,45435,
35712,30889,75878,199,199,75732,30531,70791,1605,
35773,75732,5987,1724,32157,29552,5828,54104,20712,
35808,18207,58443,5987,36311,3835,82394,23301,71632,
35821,38519,60901,4368,46654,740,69844,42502,59849,
36045,41392,62432,51854,3804,20217,45797,60265,4740,
36277,45435,49749,19694,36045,5659,63179,39255,4598,
36290,82185,307,15760,57310,62991,15773,60029,49647,
36311,40273,24925,26497,6806,49544,39258,1022,49774,
36545,65090,16497,26809,49690,60440,46654,2318,81912,
36565,8956,50146,36565,4876,36565,57833,2605,17803,
36573,23301,29764,3255,3487,201,13875,81985,81918,
36773,40100,25490,1105,50036,38870,9088,46733,50578,
36806,80434,38808,4083,81770,8659,58443,21554,41436,
36822,64406,4598,54193,37501,44758,79873,55268,37384,
36840,35669,44116,26474,37362,33263,9037,27493,80337,
36963,10554,10431,36963,58443,37474,5664,16677,69611,
37041,64581,60510,7094,864,35391,5987,4417,71651,
37199,58443,39884,56187,37710,6420,6420,3255,54126,
37259,64426,17223,3156,44116,35278,38604,81465,2713,
37295,26474,51279,22587,68905,7386,32163,49565,31910,
37362,32265,35391,3359,35426,41613,20973,5405,5849,
37384,68905,52639,68966,73579,1959,4520,26749,30456,
37474,34364,811,45821,55328,27970,51567,27262,14131,
37501,50071,25940,2965,82034,53675,6916,37501,21600,
37541,33401,54126,49646,28746,42478,38813,2530,34420,
37569,66645,4768,38822,71632,9106,3061,199,27145,
37675,36290,81717,27664,7108,8956,6806,31378,5849,
37710,27824,13776,5291,164,2931,81891,49668,46619,
37835,82438,4972,2305,38068,37835,28561,43538,5849,
37917,58807,29056,1630,58807,6169,74208,4759,6944,
37932,7222,7116,49883,51557,45180,54193,70937,13776,
37986,82005,46619,9106,81770,22617,3478,31608,32319,
38025,989,1380,32157,3255,10431,30456,22767,16774,
38050,45353,81115,50316,50145,45124,34347,4876,70937,
38068,61005,1905,33545,2175,16118,10331,54693,81984,
38333,44643,1539,6346,40273,62366,64119,54316,3478,
38441,1537,5987,67883,10973,8292,82185,5723,59699,
38488,3255,45759,69848,60888,81893,35091,5784,34903,
38519,2177,49831,22617,59644,29578,5987,52511,40725,
38604,27671,1959,44116,16311,44116,24146,20217,35278,
38693,5729,76845,50940,18835,48988,39191,34364,7791,
38695,7094,4598,25490,199,365,4759,45821,29875,
38703,6295,62432,38604,5782,36311,60749,44116,45435,
38792,58289,45124,35669,82005,46077,199,11216,81889,
38808,54316,35426,68133,7591,4157,45180,17630,59298,
38813,27262,4598,73980,67105,67761,199,9048,4775,
38822,10281,57457,1539,66898,54193,38604,45433,6945,
38870,51492,78740,61544,40902,7688,40100,25115,3262,
38932,23301,58068,57457,32505,3255,4598,19502,75787,
38933,55151,62318,62888,20775,81959,18207,81858,5784,
38960,18207,5782,7779,9037,37199,81889,18387,18387,
38991,1627,10239,51295,37932,5784,21514,29123,81894,
39032,33508,23712,59507,69368,1807,4951,55800,823,
39129,5288,81630,1605,39542,65965,36963,43774,45435,
39191,52364,27046,60749,69611,61005,82329,5687,10904,
39215,16497,39215,4876,61612,58068,8265,58735,37041,
39255,68522,74361,1630,5077,46107,3478,27567,20712,
39258,20973,69611,30823,38822,81889,7633,5465,45407,
39393,7430,17530,24586,3679,1959,8792,45178,51081,
39463,42466,49776,16677,4876,52230,4697,49565,27671,
39534,35808,38808,5283,10904,34024,7386,8927,16497,
39542,39542,82528,59500,44056,6833,30531,25817,2170,
39558,5987,36290,201,5987,58273,5477,55563,37384,
39578,33143,33143,81893,39840,740,61921,25115,74061,
39583,3255,64116,957,75732,36822,63041,44116,7222,
39742,32483,23860,63087,67277,5851,25544,75847,740,
39834,46029,54348,51572,27824,6270,70937,38933,5465,
39835,888,57099,2363,25940,34901,54389,8927,19073,
39840,68963,1278,4326,14031,70004,5594,47853,33629,
39884,55151,45750,2262,64241,55395,44388,7842,36822,
39966,25544,16677,54141,44056,36290,54389,71632,53725,
40057,54038,31998,3169,49409,40488,81894,44056,14028,
40100,22587,3322,72,7430,37501,81984,26749,61465,
40120,40316,2244,7842,2543,26815,80434,27514,2118,
40198,43656,33143,81883,56022,82034,51677,40198,4972,
40267,7116,46029,38068,801,3478,1105,49090,50825,
40273,21763,76792,38604,49324,70205,68,49883,25915,
40297,49749,80337,21514,52488,51797,55082,3061,1035,
40316,69631,15787,19089,49695,811,28615,55642,27352,
40457,81912,38604,39834,82005,19476,4775,81894,6944,
40488,52676,60106,39834,21991,30985,41996,21514,47400,
40696,25565,25434,16774,44116,26474,60510,740,7944,
40725,33401,2493,49410,4520,82005,51812,45407,4131,
40879,74470,30264,38870,37199,22844,890,54348,25490,
40894,17223,30799,50781,42207,81465,32330,9106,58807,
40902,74685,64426,1677,7455,4697,11093,82414,2509,
41327,8350,35821,1710,81891,6916,69611,58505,32893,
41392,50465,13606,39191,3478,36822,59699,41392,7455,
41405,54104,58289,21763,5849,25115,78312,40267,57457,
41436,4083,1427,71902,54316,53599,13354,34511,888,
41613,67971,15787,33263,365,37362,2086,26510,49718,
41702,49695,57099,81918,74208,28201,27464,15963,63576,
41719,43768,43774,68966,6313,10383,50465,73143,53725,
41908,16774,51797,77122,68963,44632,9106,28573,75847,
41970,57479,21763,54254,33107,43978,36290,52639,8265,
41996,2177,30736,5828,81963,3478,26332,26809,29578,
42064,68522,9037,20217,21864,67082,37986,73579,5782,
42065,66329,29758,25437,180,45181,50145,81446,28201,
42070,19586,1473,59984,6270,34511,34511,45750,11216,
42130,67971,4014,20013,1630,20137,21705,32693,32693,
42165,81889,26430,4898,63087,3169,9157,82005,69611,
42207,3255,2543,13474,58289,45759,82104,50281,438,
42217,43538,8265,59013,7633,4876,62991,4706,19476,
42249,65040,1605,13354,32507,42165,82414,51567,51567,
42371,26703,10331,7431,52302,43224,45435,37474,37474,
42381,53639,28409,37259,2605,19160,8155,54048,54048,
42394,51502,62991,22169,55550,24146,11216,73579,40120,
42466,8098,6806,51797,5077,54128,69262,1418,49883,
42478,28652,32693,49777,49646,38604,50578,16103,16103,
42502,6051,6051,81957,49695,49418,51572,42502,201,
42580,38695,27721,3478,64506,63198,26510,45124,50465,
42716,37259,55758,63340,10429,8382,18956,54731,22587,
43212,49543,2795,49714,69844,49578,81883,44632,17530,
43224,66525,68650,27851,26245,76517,39258,26430,76443,
43535,81918,81914,55395,1653,72490,42381,2262,823,
43538,65831,44758,951,6451,43538,67629,3020,75732,
43576,67082,21600,41908,3478,26809,29224,73143,7302,
43656,23570,63091,63717,51797,67142,74685,8517,8385,
43768,81889,81915,30456,61465,82414,13809,5849,76620,
43774,43768,59370,49745,5987,74255,68133,54110,181,
43973,64477,4972,1657,5987,45434,5403,43774,3255,
43978,3169,62432,60107,79219,49410,81999,2318,28409,
44056,31503,1605,27553,7616,34903,2003,55563,61090,
44110,54254,9106,19160,19160,1380,14028,669,6420,
44116,59507,6791,82528,38870,58466,64116,10513,30882,
44134,35773,70594,1605,58244,40725,2578,81915,56653,
44388,13852,39542,42064,957,44388,25490,9037,37986,
44390,28067,45821,78,1380,34489,7195,60107,80337,
44491,17450,7854,63340,36573,54193,82034,4083,53599,
44507,5339,19412,31705,3169,44116,37199,57310,2569,
44632,73143,26430,81957,51797,39129,81883,30041,7116,
44643,4507,44632,75732,5987,10310,4762,71632,6303,
44747,50460,14031,6313,50281,957,9243,37932,49776,
44758,55151,81914,32163,3262,4014,3169,59109,76792,
44831,35391,65040,38519,42580,13569,39742,44507,43576,
44929,49733,25915,22767,81999,5019,9068,27664,56162,
45124,13836,66517,2175,63041,3255,81959,41702,11216,
45146,1022,49718,89,27824,6944,55541,39258,63041,
45178,54126,59085,762,762,4762,57099,49690,1022,
45180,63576,6714,49683,49831,52230,2846,74208,7616,
45181,45178,35586,45433,38813,28652,67277,51399,49543,
45182,13836,23860,238,10871,30079,58807,3478,19476,
45353,51279,54104,17530,81891,21554,55586,4507,81914,
45396,39258,41908,70791,75909,29483,34903,54769,2578,
45407,16896,38604,42478,19694,45353,18967,20137,54693,
45433,33629,30889,10431,20217,46654,3804,58466,8155,
45434,9106,35712,43768,10310,30985,31373,1278,61153,
45435,1605,82185,45182,56162,10554,2426,72375,55697,
45750,49646,28573,82005,49690,81894,27262,2363,51572,
45759,26430,22844,3169,81889,1105,59013,3389,65589,
45780,49777,34903,20973,51913,49749,2262,50036,82005,
45797,27664,64615,26973,43224,23629,45750,3240,16289,
45817,13422,5294,26749,9088,6709,26815,20212,3487,
45821,2605,58068,6833,41436,57638,57638,59820,7299,
45944,6977,20137,45433,43768,29361,70141,39258,49410,
45992,58505,27664,58505,81889,49647,52706,9106,7902,
46029,22289,22289,6420,82446,27262,1264,42466,45750,
46044,9106,30985,69611,54104,37384,199,989,8634,
46050,54356,16079,316,41996,53725,74685,21089,37932,
46077,62432,34489,82525,67105,39578,50465,62018,54858,
46107,2569,52639,51797,5945,6169,73438,16289,11216,
46268,49819,2493,49683,70004,10239,10431,28652,56653,
46619,42249,6437,8927,63717,81858,1461,3169,5784,
46654,199,59234,51572,7072,54104,76845,8098,81918,
46733,66564,4775,17530,77020,9029,33107,49646,50148,
46983,46983,72079,9106,2578,2175,24215,46654,74061,
47400,49732,2550,50281,30456,438,54389,40725,49831,
47461,62007,199,1605,73579,8385,49948,20775,25115,
47463,5477,43978,78,1605,47559,40100,1886,59491,
47559,5367,71797,47559,26618,4876,8111,2795,26457,
47767,2398,36822,33545,81918,1619,45433,68905,81883,
47853,36773,30863,81770,71651,48306,45353,81912,45435,
48047,1380,27493,34903,39834,38333,63717,3255,77020,
48078,2218,32713,32036,51572,42502,78740,10904,28561,
48172,75847,29719,49721,49574,7302,49695,2134,65545,
48306,40198,52718,7973,39742,7302,41996,43212,54540,
48450,35278,69330,38604,37474,27892,34347,81915,4598,
48552,6944,3478,4083,13852,65094,53599,49570,26703,
48764,49544,46029,49679,2197,7116,16094,43212,49683,
48988,48988,58068,52639,61823,1653,26430,6060,4768,
49090,32036,81889,55149,5353,51854,4706,60029,5749,
49324,7386,16896,43774,2150,54104,2493,45759,53725,
49408,38604,49544,7973,78740,45750,58244,7072,57479,
49409,6709,21906,23570,59500,1627,40457,5019,41436,
49410,49890,45180,3478,5636,73579,3359,46029,8956,
49418,5019,5019,49543,21554,16896,38604,28746,45180,
49419,199,3498,41908,1022,5784,23570,45780,81894,
49542,49419,51797,49683,6451,56653,82185,18967,51295,
49543,40725,75732,37932,48552,81892,3255,45178,45353,
49544,2077,58787,45750,5291,25940,56022,44632,41970,
49546,19476,31553,41908,62788,26707,50316,69611,3296,
49563,74361,52364,1085,5291,46029,22295,2003,11216,
49565,45435,81999,2543,39583,6806,6806,22617,24160,
49570,55382,82528,51572,5784,45433,59507,45780,82171,
49574,6632,67761,34364,56187,29224,34489,5784,64116,
49578,67082,80337,50148,7108,50578,3255,49777,81957,
49646,3169,29123,28496,14031,69330,7944,49408,22767,
49647,38792,37501,52706,29361,42394,39835,21705,4507,
49665,49890,81959,9088,11235,5987,62156,82005,81891,
49668,81115,66582,81963,37199,74208,13613,44747,48450,
49679,1959,7108,6437,22617,42070,48764,23570,17530,
49683,199,45124,45180,2126,49408,81883,2846,9088,
49690,7094,74512,7072,81894,1461,2398,54254,40273,
49695,63198,3478,6303,25490,77122,51797,34903,82528,
49714,39834,3255,31998,40457,50036,43774,33629,7053,
49718,9048,25684,56162,56653,30823,81959,23629,7299,
49721,76620,35477,45124,49410,7225,3202,2126,81918,
49732,26809,7094,31378,4014,5477,81499,4014,6060,
49733,49543,81912,27824,3262,40057,43768,54316,69848,
49734,50075,81889,4697,35408,65040,44390,49646,37932,
49745,5987,445,24146,2118,45750,49774,32330,43768,
49749,6999,6999,49418,34903,68,67761,29552,43774,
49774,49665,5828,1418,31378,49827,49890,47853,21554,
49776,4417,6999,49721,2202,5664,8880,81912,5987,
49777,6420,51295,37569,5405,6830,58807,25910,66645,
49778,7791,37362,46733,55893,47400,9106,36573,55082,
49781,740,181,29758,50460,50336,23860,49563,34901,
49783,51501,7302,29552,45434,5636,53599,81918,54048,
49819,3202,20137,43774,5987,29552,8099,77020,54347,
49827,3885,6999,19476,19476,45750,58053,63087,30736,
49831,81770,70791,70141,7302,36545,81959,5403,49776,
49883,29578,76443,20137,23570,40725,50071,4697,2713,
49890,49718,66479,3169,23860,8792,54048,5763,44632,
49899,49831,38991,22295,37675,15760,27213,75946,49732,
49948,16002,70594,13550,2834,37710,56162,35091,65094,
49961,49690,81957,44390,54110,54457,8713,58505,42165,
50023,2605,55697,3885,6806,26777,15863,5339,3174,
50036,81959,44390,1014,15773,81963,47853,38933,54038,
50071,2795,2795,9106,81630,50281,14131,50630,50036,
50075,4706,23570,22617,48047,38813,33107,51797,23570,
50142,49831,77020,1105,81883,65831,37541,8098,30644,
50145,1418,25437,17223,64426,32547,30531,76517,3478,
50146,81906,81892,10513,73579,81906,82005,44116,25434,
50148,50630,26208,46733,9106,82171,62142,45178,44632,
50216,26815,34344,32036,11272,5036,3679,10915,29321,
50217,7302,50316,25434,8008,81894,54038,81963,49777,
50220,1959,19160,3255,16118,63087,5405,63576,5987,
50235,8155,38695,64241,54389,57099,15963,6379,25853,
50281,50075,8111,55541,3487,4417,4768,49690,4507,
50316,2150,36290,39742,49776,4417,48306,4507,7302,
50336,5403,55082,51081,23041,10111,316,51399,7038,
50449,6944,62318,49665,33508,26208,47400,49542,15773,
50460,68905,67633,55238,27494,31503,48988,9013,68522,
50465,19586,49734,44507,1630,10244,61465,7299,59298,
50578,2931,30456,82005,27145,48764,15773,48450,48450,
50630,5849,28652,49714,70004,24925,49948,3714,35091,
50650,59013,71797,63041,7116,67629,67629,43768,40273,
50729,4443,72375,23301,9071,3940,67105,3835,56774,
50765,37362,54544,38991,5987,63041,2621,5339,41436,
50781,75946,3169,8880,54254,43224,1035,45944,38960,
50825,8659,30456,63717,3853,70004,56653,49546,30823,
50869,10904,3262,2965,60029,55563,5987,3487,16118,
50940,48552,17530,65545,21763,59298,30660,55328,16544,
50958,68522,68522,7453,7453,55588,21149,55586,5784,
51049,55061,30079,65209,11235,35477,7386,45821,57099,
51081,50220,4775,4014,30889,32547,43535,21514,51279,
51114,44632,25545,4083,2543,9106,81889,49695,62366,
51279,62286,57479,35808,74194,59699,1406,55893,16677,
51295,4083,51797,6709,13875,64278,64278,57099,38960,
51399,32483,40696,5784,33629,49883,3389,45353,50449,
51469,54038,81918,6632,30264,81984,56653,45817,40894,
51475,61304,64528,54325,39393,38519,63198,10431,4722,
51476,62432,4507,16497,2316,64278,2550,60194,3296,
51492,876,2003,876,37917,10645,35808,9070,43973,
51501,5339,30882,4417,42580,6458,53721,989,58443,
51502,2175,725,9157,29552,18457,76620,43576,4740,
51522,5945,43978,4317,45181,81918,48764,40273,7116,
51540,38822,35091,44116,13776,67105,42502,1613,42065,
51557,63179,59500,60510,76517,2795,7431,81883,3478,
51567,21335,3478,64506,64824,3478,199,61921,65209,
51572,25545,50145,31705,77020,49418,47400,51913,27493,
51634,81912,4706,6709,180,28067,27721,5687,1473,
51677,5288,52302,77122,70587,19160,5987,38813,81957,
51797,41996,28746,26809,32330,3478,3478,49665,3169,
51812,7386,39191,29875,59984,3255,65094,7453,45433,
51854,54356,47461,2150,27970,45435,37917,33263,46077,
51913,37986,37259,5291,60023,5414,38604,54193,79301,
52230,31608,62788,32505,7791,57099,5987,65040,43768,
52302,6833,15866,7302,49408,4417,56262,35712,26809,
52364,25437,19160,38333,21149,5784,81770,54110,28561,
52488,951,39558,2202,7430,49565,35712,5763,21893,
52510,2491,67761,19694,39835,21906,37259,45435,8155,
52511,3478,21335,51797,65831,3885,1724,4759,7656,
52639,2543,61153,43212,34420,2543,26809,41436,6632,
52676,41436,3835,49831,21763,7386,79982,78740,30456,
52706,8099,49783,42064,55763,43576,43656,16591,4520,
52718,54193,16006,81959,2003,16131,7712,57099,49542,
52736,64116,64116,58053,8111,18967,29483,54769,34714,
53599,42466,5784,5849,54104,55238,1022,10239,49733,
53639,8956,59984,54254,45407,65965,75353,55588,27477,
53653,37569,2283,65209,72,18580,32505,51557,37932,
53675,64581,38813,8155,43535,22844,56774,30985,10973,
53721,81507,27514,26497,3174,25490,52510,27262,24586,
53725,5942,64241,17630,30456,24586,82528,9037,6051,
53878,67771,50940,17388,70205,74470,39834,62382,34024,
53957,5636,2931,41996,199,62061,957,40198,35091,
54038,3255,51797,3478,54457,81914,32157,49418,58068,
54048,51114,50781,31998,54128,70141,19813,65965,5987,
54058,5166,19502,1959,8927,4507,7302,39578,37541,
54104,5166,51522,51572,7116,199,81963,46619,54038,
54110,199,10244,2262,59849,67633,43768,5729,24670,
54126,28421,81918,51913,7431,10431,46268,81963,54316,
54128,16289,51295,54104,2621,3202,81906,60106,2318,
54141,58289,30150,81770,45124,3885,5987,32036,43978,
54193,45178,2338,57099,81963,44507,54540,76517,55685,
54254,13474,7072,3255,3169,52718,81446,44747,5339,
54315,7455,29758,51476,27464,3630,79271,13510,66898,
54316,5723,81883,3255,58807,52364,1920,199,3498,
54325,6437,54254,4083,2398,78677,4951,7616,7616,
54347,52511,80434,50148,56022,45435,49733,1630,32330,
54348,35669,4417,64426,4762,15773,38822,19683,52510,
54356,35712,35712,19694,25853,59370,13613,43538,25691,
54389,61921,54544,28067,44056,54356,51502,51913,199,
54457,55151,34024,7712,62991,59984,39840,34881,16742,
54533,54104,82394,44116,39558,6944,5414,6944,26735,
54540,1473,75847,7944,58735,30456,49683,2316,49090,
54544,71724,6295,7654,33401,30531,27352,10383,42064,
54693,25434,74685,52302,51797,49899,52676,73143,38808,
54731,25544,50465,50650,50650,32506,70205,3630,77020,
54769,36822,81115,1264,55110,35586,28496,4520,30736,
54858,25544,58466,53653,4326,55082,32693,7973,26474,
55061,61090,52706,28421,49546,54141,37710,3478,81906,
55064,49732,81918,7116,51399,35712,199,67971,59984,
55082,51540,34489,55328,47463,23570,2086,32506,32506,
55092,43576,3169,70594,23570,38822,25684,27872,43576,
55110,67277,4740,2530,15863,68905,1630,7779,41405,
55149,81086,38808,43774,54104,45992,18835,4657,29394,
55151,38933,81770,81770,5594,80251,66329,25437,4762,
55238,49324,78740,19476,46029,2509,7633,28630,54389,
55268,15863,59500,42394,4014,3255,30736,18956,24925,
55328,3804,62286,49565,31608,1920,7169,2262,3201,
55382,8155,43774,5818,4368,2550,42394,2713,75847,
55395,54348,59699,37541,79301,30456,5828,60029,26968,
55437,47400,10111,29875,71651,40198,1657,1035,23570,
55541,26777,199,33107,8099,81883,3169,82005,9106,
55550,77020,6435,61921,34901,49732,81918,62061,20013,
55563,7053,7038,75909,65094,30863,22686,50449,16774,
55586,49418,3487,59376,64278,13422,40879,37199,6437,
55588,2398,82394,63576,2605,1653,18207,38604,15773,
55642,9068,15863,17223,39840,53957,18207,7195,44056,
55685,2834,6833,28652,56653,67374,3169,7973,21554,
55697,36045,2498,5987,2398,54348,66898,2218,10383,
55758,81957,4520,1406,60029,2218,61005,70791,67761,
55762,32099,58273,2003,199,60216,29954,81889,19160,
55763,76620,33508,56774,55586,61921,61921,59370,7854,
55800,40273,62286,54325,16311,2363,80251,55800,14004,
55839,79982,78677,5367,9157,2530,58273,8927,199,
55893,10973,3487,2218,1406,7430,46077,54048,45407,
56002,8927,34901,30264,27464,62156,40273,43774,13836,
56022,5987,4417,77122,61823,50036,4040,3202,56162,
56162,54038,1406,39834,72684,58068,10383,49831,7712,
56187,29719,16103,29056,8350,67761,7094,37295,50460,
56262,4876,1677,51812,22289,1605,43576,43768,31759,
56653,54038,57632,26809,22617,17530,6632,49718,43768,
56738,67082,81630,70684,28630,11093,76845,42217,66659,
56774,61304,16896,7455,7455,4368,3804,38870,445,
56935,32099,60107,3487,64477,19574,23570,58289,58656,
57037,57037,19476,4507,4083,36277,80434,39534,59820,
57099,43535,1418,10454,50148,66659,36565,8880,19160,
57310,4762,52736,26968,38932,43538,31047,7268,40267,
57457,81894,54038,44056,59234,951,57833,54316,65094,
57479,16118,28421,54254,81770,5339,46044,64278,57457,
57544,73451,45759,41908,2318,2244,10429,7302,33014,
57632,28421,46268,80251,71632,5155,38068,55064,61823,
57638,80434,26968,51469,34903,8037,1414,39191,26777,
57727,25853,15863,2244,3389,57727,1074,74194,30531,
57748,3020,42065,3169,82185,51854,63340,67082,81889,
57833,7386,32099,5987,56187,34364,79219,9037,63153,
58053,41996,81770,69611,69611,27514,74685,21554,42716,
58068,30799,4799,66582,199,21597,29949,55586,55586,
58244,22587,15787,1537,13809,6451,60749,67633,890,
58273,13809,49578,33508,19694,33263,10331,2543,49565,
58289,58053,24160,26164,35426,1105,69990,71902,18457,
58402,8098,7072,70205,16497,39255,32483,37675,8350,
58443,3174,6999,39463,13422,62816,55061,1677,25455,
58466,60335,16322,69351,19073,34024,59184,43774,7591,
58492,8562,36573,58492,37986,58492,58492,27352,37835,
58505,44134,4722,8099,25115,7116,7053,25490,44632,
58656,51572,81959,4762,5664,52639,9068,64506,36773,
58735,55382,4740,823,66659,2734,2150,3478,30531,
58787,5687,19073,2262,10454,2316,4794,6458,50449,
58807,34489,82329,44390,2509,49409,45750,82104,3531,
58907,89,49732,1905,18207,26208,1928,55082,69844,
59013,63370,16591,62816,13875,32157,3255,199,81999,
59085,4326,9106,81963,2202,49324,65040,81889,9106,
59109,75353,38792,45434,47400,37259,81446,17450,199,
59184,59184,4014,63179,59184,38519,38813,2363,5252,
59228,6833,29321,6830,5942,7259,64278,64454,81891,
59234,54128,38604,53721,38808,8659,51557,38488,5477,
59298,59298,67075,79219,58244,29321,44116,9048,29483,
59370,59370,81770,64116,5019,38822,3255,38703,70205,
59376,56162,7712,35669,75878,1724,27664,44116,3020,
59491,45944,64581,3322,27352,80434,29394,2086,28838,
59500,2509,13700,23301,29483,60029,71814,6977,75878,
59507,26618,199,7041,36290,79982,50958,31378,73579,
59644,5405,61791,76620,10383,82394,30889,3389,7116,
59699,14028,15773,58466,32319,5987,45407,811,24670,
59820,19160,5288,13776,22233,876,35808,18207,73980,
59849,4792,82524,59184,59184,54110,39835,4598,6916,
59984,33629,49774,63576,4417,199,6945,74361,51049,
60023,9228,19073,58068,2509,46107,49418,9088,5818,
60029,43774,18207,34364,5288,3630,199,25424,2543,
60106,4722,3478,21991,30660,82329,10239,69611,1984,
60107,72079,29875,13354,32592,75946,25691,39129,57099,
60194,1414,59491,69952,6833,27082,49544,6999,18967,
60216,75499,53675,72375,44110,50023,74255,17796,46654,
60265,438,16591,89,62156,26853,69631,54356,81883,
60335,44116,38808,30456,51540,29578,31378,54356,65660,
60440,73579,8956,5339,79163,69611,2126,3940,19502,
60510,55563,5053,38813,76012,54104,1339,3169,45992,
60749,36773,67337,7779,54110,9070,51475,6806,59184,
60888,5291,45750,4507,45124,24931,39835,1627,9029,
60901,21148,316,67075,47853,66329,34901,4876,39129,
61005,16006,53675,6051,6051,20973,45146,13776,27082,
61090,82175,40198,13606,45124,4794,27477,44507,81999,
61153,39742,9106,2717,55082,1724,10431,65094,55328,
61304,39255,50216,8880,26735,73451,47559,55893,50216,
61333,18967,10331,37474,4792,49718,28573,15787,20217,
61347,29361,43768,49646,54104,55268,199,66645,66564,
61465,7299,50460,19160,5053,69351,42371,9088,35773,
61544,17223,70141,61544,60888,45435,2318,55110,2086,
61612,54544,59507,60194,43656,54858,25424,51854,51476,
61791,13422,62156,34344,42502,2621,29361,65831,50958,
61823,61823,1121,22295,762,35426,39583,50217,3567,
61912,50729,50729,41719,81717,81959,46044,50023,73438,
61921,49827,81893,69262,4443,7455,36290,8517,6791,
62007,43224,46654,29875,38025,3255,1724,53721,51913,
62018,73438,40879,5818,31373,44116,4951,82104,37710,
62061,38068,34344,3885,37199,67883,36565,7455,8880,
62142,3255,25915,60029,7455,3389,45759,20028,81883,
62156,32506,6806,5291,64278,26853,26777,199,38870,
62286,4972,3255,63041,51114,40696,69330,58244,2493,
62318,81891,81957,54533,20013,16591,48450,70004,7302,
62366,888,5291,5987,44116,25910,64116,10383,8382,
62382,54540,36773,78677,31378,199,3478,52718,21991,
62432,14028,4799,45780,2931,65545,58735,59085,82171,
62788,19694,16497,40725,20973,44632,51522,6295,5353,
62816,51797,31998,9048,1340,37986,63717,2903,76792,
62888,73451,25490,58402,66564,82528,15760,36565,7094,
62991,7431,17530,5405,2530,44056,3169,35821,19089,
63041,70004,5987,2218,5385,40894,38693,34364,1427,
63087,3169,1537,3201,5414,72684,5291,1807,48078,
63091,5659,61823,5414,7656,45124,49776,22587,8155,
63153,27970,27970,7195,67971,445,8880,42381,61153,
63179,8265,55893,1473,75909,823,3255,55061,82171,
63198,2713,60510,50235,81770,62816,3498,19586,4417,
63340,19412,989,66898,80251,8634,35773,38333,823,
63370,14031,39129,1445,45124,65831,30985,53725,63041,
63576,64278,1630,51913,81893,30985,54356,40457,38604,
63637,31047,4792,42064,68522,60888,24931,16094,3169,
63717,49408,16774,39834,1605,62061,3478,36290,63153,
64116,16103,68522,44390,45178,35391,71797,26618,58068,
64119,54389,9070,7616,49831,32036,9037,45821,32505,
64241,1406,54048,81717,7591,62007,38604,55149,4443,
64278,40457,23041,4697,4657,59984,1657,64278,82438,
64406,54540,1677,10310,43774,54540,8880,8815,82524,
64426,63153,15760,82185,51797,27494,6313,19160,9048,
64454,29719,3255,46050,55149,81891,49543,5851,18457,
64477,67883,4598,4368,70461,5339,49419,24133,4014,
64489,57099,740,39032,32693,25565,3788,48306,4775,
64506,82528,3255,31998,81894,58907,25437,16094,34903,
64528,55382,26206,18835,55550,81115,16896,61304,3853,
64581,7464,10454,27872,1959,52230,26208,4762,40894,
64615,61090,64119,57099,82175,64454,951,7712,82171,
64824,5367,10310,25434,8037,72375,9013,5353,1340,
64904,49732,20973,59984,29875,58907,5339,3788,32157,
64906,8815,4443,9228,35560,31998,45178,181,44116,
65040,39129,2318,1105,34420,5987,5053,199,21089,
65090,10431,81858,15863,59228,25437,14131,33629,13569,
65094,61544,4799,180,24670,55586,66582,52488,28421,
65209,35436,24215,61921,5818,82005,81892,32157,40198,
65545,55563,46107,59376,63179,989,24719,59500,30644,
65589,82175,72375,55588,3630,1461,69611,7386,16322,
65660,16006,7299,64278,80705,81963,7712,39742,39742,
65831,37041,36573,82394,50465,49324,81894,73143,37932,
65872,8099,1677,2621,67082,39129,2318,13809,41327,
65965,4768,7464,39215,890,58505,51797,16497,57099,
65983,36565,38693,54141,199,81959,49777,54048,44632,
66329,13776,29552,71632,79301,68522,42130,58289,2118,
66451,5060,81889,42371,34347,3169,82005,3519,18967,
66479,74061,55588,63340,41392,7430,57727,6833,77122,
66517,45821,55395,19073,8880,19476,37932,38333,2567,
66525,68650,76598,66525,6977,66525,76598,80003,76598,
66564,60510,75847,54540,54389,30882,4417,42130,2717,
66582,46077,5987,27936,181,40273,48764,19412,81086,
66590,30799,3255,1264,13875,44110,50460,4951,13700,
66604,54348,5945,5784,1627,4326,199,6060,63576,
66645,30882,57748,67082,39834,77020,81883,43768,43768,
66659,25684,27721,13510,46654,55382,35808,59699,13510,
66898,75909,7455,20028,52488,27936,50465,65545,22686,
67075,43576,44116,28615,11208,1473,30985,39966,18967,
67082,73451,60510,762,16591,38813,55082,41613,29558,
67105,6451,58273,52706,73579,33401,7455,67337,73579,
67142,82394,44831,1380,81891,38813,14031,28561,7041,
67277,3948,10973,6833,60194,48988,4326,1074,37917,
67337,43576,3255,27082,49544,9088,69952,5339,11208,
67374,67374,65040,67761,42064,15863,61304,54038,18835,
67548,52302,63717,3174,39834,76620,7455,6051,62788,
67594,30882,60029,49948,55110,35669,8037,58466,2086,
67629,7302,49819,55238,41719,57099,81918,44056,21148,
67633,36545,63340,199,27464,2931,29552,31378,52302,
67761,45944,25684,32505,73579,48047,66645,5053,19813,
67771,62286,55800,4768,17796,75909,2550,9068,71724,
67853,3478,67548,48078,10645,81999,49419,81999,6632,
67883,54315,4851,2509,68522,1074,4040,63041,32505,
67971,13781,81984,44929,37569,4014,81906,69368,2567,
68133,71814,38604,46107,42466,4768,8265,29949,81985,
68522,4598,2318,4083,82528,64426,82185,21597,53725,
68650,74045,76598,80002,74045,74045,76598,68650,74045,
68782,32330,50075,63370,19160,57544,49679,49647,5659,
68905,4598,28201,8098,68905,31373,54693,25424,19160,
68963,51522,5784,68963,28201,33401,82446,70004,62432,
68966,27567,55149,49668,65094,37384,59507,37501,56187,
69262,82414,42064,26208,4762,22767,4417,48988,5659,
69330,29552,44388,2509,2509,7712,28746,59184,1539,
69351,74194,55092,5782,5987,5385,66659,26206,51492,
69368,2262,5339,50765,201,49831,49543,52488,49419,
69385,33508,13606,740,82185,24670,43768,40100,54347,
69611,45759,81115,67337,10383,78,59644,42249,16118,
69631,7041,29764,57099,76620,20028,42371,4799,69351,
69844,31553,34347,8382,55082,9037,29361,4417,32547,
69848,1074,8292,26809,4794,9029,63091,59644,25544,
69952,58289,6709,29578,3478,65545,37362,40316,82034,
69962,45780,50336,55268,60901,51677,15760,58443,81985,
69990,2197,3658,5339,2363,71632,199,63087,18835,
70004,4520,20137,50036,35091,10973,15773,37199,39558,
70141,66564,32157,9157,46733,49543,4417,45750,16311,
70205,49734,2202,63091,56187,26497,23301,7094,23570,
70461,76792,181,66898,19160,60029,77020,199,53957,
70587,51114,2965,5987,55893,25691,3478,70791,2003,
70594,7842,33508,48078,82528,81499,9243,2530,4697,
70684,13474,54104,4898,64581,70931,8713,24586,69611,
70791,2605,6999,19476,49749,5053,22617,50460,43774,
70931,70931,26618,45750,49732,3201,34344,59234,2530,
70937,73579,49090,69351,64528,199,54693,5077,3255,
71632,63091,28630,316,4417,49324,2318,26164,20217,
71651,1121,63087,3169,79219,28838,57099,4706,49647,
71724,19574,5987,59184,21423,725,5166,41719,8008,
71797,31373,31373,64278,47767,10383,37569,23570,7299,
71814,5166,49419,74512,5563,37474,3255,23570,3478,
71902,1886,9228,81959,38933,3322,3296,45434,3519,
72079,69368,6303,32157,57748,82175,5723,22289,31998,
72375,199,199,888,5818,66451,37259,36565,30079,
72490,64241,21600,56187,61544,70205,76620,37541,74208,
72684,69611,5763,61921,7902,75946,4368,44056,199,
73143,9106,60106,23301,50217,42478,7854,73143,74061,
73438,36565,74361,65660,65660,7656,4794,3686,51854,
73451,50765,20028,9157,67971,82528,3262,62816,3020,
73579,44507,42478,64615,5405,2903,37986,5987,199,
73980,40879,27494,39191,51797,54389,5851,79873,63087,
74045,74045,80002,74045,74045,74045,66525,74045,74045,
74061,5288,45780,37041,27553,17803,17803,29361,74194,
74194,82414,52511,2077,1022,64581,51049,49647,21554,
74208,81918,4326,7038,42502,55395,40267,80888,34901,
74255,1928,11208,56935,63370,74470,43774,30079,82005,
74361,74361,66329,81806,13875,36565,2713,54858,54858,
74470,29361,438,2567,61347,57099,55800,1920,64906,
74512,57099,45434,6709,31998,55395,24215,81891,68782,
74685,54356,9013,73438,34347,57099,27464,21149,5987,
75353,56002,4706,7299,24670,4775,44632,27262,2218,
75499,4768,28746,82394,80434,64615,64119,68,64406,
75732,82175,56935,16289,25437,26618,19160,75732,2498,
75787,81906,23570,2077,79873,71651,49819,35436,43535,
75847,39558,66564,6303,3948,199,81889,81906,70004,
75878,6420,32713,5784,26208,31608,49690,73451,38960,
75909,51854,67105,55238,4768,30031,27046,75499,64241,
75946,81889,81999,29578,1905,81893,3487,60216,38808,
76012,7041,1630,49408,30889,82525,3240,25455,5339,
76443,3948,2363,79163,82446,28409,49570,81918,81914,
76517,7072,81918,81889,51797,46107,8111,33629,54104,
76566,8517,4368,11093,5664,46107,69611,67277,23301,
76598,74045,76598,74045,80003,76598,80003,80003,80003,
76620,82528,39215,64116,55763,5036,26815,6379,21423,
76792,80434,1264,25910,7430,55588,3296,1605,16591,
76845,10645,65872,20028,74194,35821,3679,81446,52511,
77020,81999,38808,81963,8792,20028,48047,58505,8956,
77122,29954,43535,4131,6270,57544,5053,8880,7455,
78312,2543,11272,40273,81963,59984,23570,11093,40273,
78677,5019,20137,76566,81957,54315,1406,22844,2834,
78740,5053,25437,45992,58505,56935,54104,7094,3255,
78892,74194,74194,42064,39534,38808,69631,61153,65831,
79163,50781,44929,26208,82175,38025,61823,5465,6313,
79219,7787,1619,21089,5385,5283,307,70791,21514,
79271,39191,54356,51492,16677,25434,49718,4722,65040,
79301,5987,4598,74361,42502,8292,3630,24215,66564,
79873,79873,58466,21864,54389,81906,45434,26968,26815,
79982,365,81889,811,29394,67337,66479,10383,59849,
80002,80002,80003,80002,80002,80002,74045,80002,80002,
80003,80002,80002,80002,74045,74045,74045,68650,66525,
80251,79982,1724,13776,57638,2846,39884,21554,3359,
80337,5288,5288,1677,34901,26809,35808,2262,5987,
80434,4759,44491,67082,64477,81115,51854,62061,3940,
80500,14031,29875,27851,55061,4520,33263,6977,61612,
80705,59644,38792,4794,67374,65040,40894,25565,17530,
80888,8880,7104,77122,1461,6806,6806,3478,3478,
81086,41908,46077,63576,6999,50578,49563,82525,40457,
81115,365,8155,25434,46619,70594,62432,39578,39578,
81446,35091,30456,19160,34024,65040,82438,2509,32592,
81465,55082,17450,54356,11216,10431,4417,73579,9106,
81499,63576,7041,51913,823,60749,59984,3531,5266,
81507,253,81915,62061,740,50958,25684,4040,3783,
81630,81889,49646,7730,13613,79163,51540,10973,74194,
81717,2509,51502,7169,2316,60888,16896,3783,13510,
81770,16118,51812,740,22617,10513,49683,22965,42580,
81806,3174,7386,48078,13831,4792,3478,65831,42207,
81858,28409,1035,72079,54104,49419,45353,3531,79219,
81883,5987,45124,26208,52302,57099,57099,54104,67971,
81889,49781,10111,68133,9088,5987,5353,45396,40297,
81891,16591,50650,3322,59507,44747,49410,20137,52736,
81892,32157,21423,81912,81912,81906,57833,68133,30456,
81893,49544,49418,70141,81893,3478,81957,81770,49646,
81894,16591,3156,199,6303,41327,29719,21514,13422,
81906,81918,51797,3255,10431,59085,50142,81915,55550,
81912,49819,81957,81893,71632,50146,54457,81999,188,
81914,63717,7605,57099,46619,37710,5563,65040,58402,
81915,27262,3255,41908,28573,31998,3478,81894,40297,
81918,43768,272,50281,49781,2578,24160,60106,60029,
81957,2318,3478,43656,3359,10431,34024,4598,21864,
81959,9013,10383,26208,32507,32157,46077,4157,24925,
81963,16118,42165,38050,1905,22289,81889,2605,21149,
81984,18967,37932,5987,2569,11272,46268,58402,54048,
81985,82005,47400,1605,21089,82171,51081,81894,46029,
81999,22965,81918,3255,82528,17530,3255,316,20212,
82005,64824,4697,37199,76792,67853,76443,81889,3169,
82034,8880,37041,740,17530,45780,81893,5987,81889,
82104,37041,30889,81889,6420,21991,81893,4740,47461,
82171,6632,25696,3478,876,45407,4417,25817,2578,
82175,40457,5157,71651,81889,82185,49831,53639,10331,
82185,81906,13354,82175,81918,2003,35808,55064,36290,
82267,58907,7944,49883,43212,5077,37501,22587,35669,
82288,20712,199,40120,13613,3826,3826,79873,1905,
82329,82438,26973,58787,47767,61921,43538,40725,10331,
82394,61347,54731,81893,9037,51913,5353,1473,180,
82414,51492,4657,42249,80251,55238,79163,2931,10331,
82438,78892,53675,2509,80888,27245,72375,73143,21763,
82445,32157,29954,52364,60029,42381,32693,21423,25853,
82446,8292,28630,76845,40273,8292,13781,69848,51797,
82524,62061,55685,81507,81806,30644,26809,69330,46107,
82525,57099,15866,82524,24931,3658,67853,2713,30531,
82528,79982,75353,67633,7104,823,2363,64241,772,
